State,Year,Week,Neuro_Current,Neuro_52w_Med,Neuro_52w_Max,Neuro_Cum2015,Neuro_Cum2014,NonNeuro_Current,NonNeuro_52w_Med,NonNeuro_52w_Max,NonNeuro_Cum2015,NonNeuro_Cum2014,Latitude,Longitude
COLORADO,2015,29,0.0,0.0,11.0,1.0,1.0,0.0,0.0,17.0,0.0,6.0,38.843843,-106.133609
NEW MEXICO,2015,29,0.0,0.0,5.0,1.0,0.0,0.0,0.0,4.0,0.0,0.0,34.520881,-106.240578
NEBRASKA,2015,29,0.0,0.0,10.0,0.0,2.0,0.0,0.0,19.0,1.0,9.0,41.641044,-99.365719
OKLAHOMA,2015,29,0.0,0.0,2.0,2.0,1.0,0.0,0.0,3.0,3.0,0.0,35.472031,-97.521068
W.N. CENTRAL,2015,29,0.0,0.0,16.0,0.0,5.0,0.0,0.0,32.0,5.0,36.0,0.0,0.0
DELAWARE,2015,29,0.0,0.0,0.0,0.0,0.0,0.0,0.0,1.0,1.0,0.0,39.008834,-75.577736
MOUNTAIN,2015,29,0.0,0.0,22.0,4.0,18.0,0.0,0.0,23.0,1.0,7.0,0.0,0.0
SOUTH DAKOTA,2015,29,0.0,0.0,3.0,0.0,1.0,0.0,0.0,11.0,2.0,14.0,44.35313,-100.373529
MISSISSIPPI,2015,29,0.0,0.0,5.0,0.0,0.0,0.0,0.0,2.0,1.0,3.0,32.745513,-89.538027
LOUISIANA,2015,29,0.0,0.0,8.0,2.0,9.0,0.0,0.0,11.0,0.0,6.0,31.312663,-92.445678
NORTH DAKOTA,2015,32,0.0,0.0,3.0,1.0,5.0,0.0,0.0,3.0,3.0,4.0,47.475879,-100.121011
PENNSYLVANIA,2015,32,0.0,0.0,4.0,0.0,4.0,0.0,0.0,2.0,2.0,1.0,40.789676,-77.858055
DIST. OF COL.,2015,32,0.0,0.0,1.0,1.0,0.0,0.0,0.0,1.0,0.0,1.0,0.0,0.0
ALABAMA,2015,32,0.0,0.0,2.0,2.0,0.0,0.0,0.0,1.0,1.0,0.0,32.839182,-86.631125
ARKANSAS,2015,32,0.0,0.0,2.0,3.0,2.0,0.0,0.0,1.0,1.0,1.0,34.748745,-92.275105
NEW MEXICO,2015,32,0.0,0.0,5.0,2.0,2.0,0.0,0.0,4.0,0.0,1.0,34.520396,-106.244402
NEBRASKA,2015,32,0.0,0.0,10.0,1.0,3.0,0.0,0.0,19.0,10.0,23.0,41.640503,-99.367122
TEXAS,2015,32,0.0,1.0,30.0,23.0,83.0,0.0,0.0,21.0,4.0,34.0,31.827233,-99.423022
CALIFORNIA,2015,32,0.0,0.0,56.0,24.0,127.0,0.0,0.0,26.0,12.0,79.0,37.640735,-121.002435
TENNESSEE,2015,32,0.0,0.0,2.0,2.0,2.0,0.0,0.0,1.0,0.0,0.0,35.681402,-85.774444
UNITED STATES,2015,22,0.0,1.0,135.0,2.0,4.0,0.0,1.0,106.0,1.0,5.0,0.0,0.0
OKLAHOMA,2015,22,0.0,0.0,2.0,0.0,0.0,0.0,0.0,3.0,1.0,0.0,35.472031,-97.521068
MOUNTAIN,2015,22,0.0,0.0,22.0,1.0,0.0,0.0,0.0,23.0,0.0,0.0,0.0,0.0
TEXAS,2015,22,0.0,0.0,30.0,1.0,1.0,0.0,0.0,21.0,0.0,0.0,31.82724,-99.426768
W.S. CENTRAL,2015,22,0.0,0.0,38.0,1.0,1.0,0.0,0.0,32.0,1.0,0.0,0.0,0.0
NEW MEXICO,2015,22,0.0,0.0,5.0,1.0,0.0,0.0,0.0,4.0,0.0,0.0,34.520881,-106.240578
TEXAS,2015,30,0.0,0.0,30.0,1.0,40.0,0.0,0.0,21.0,2.0,15.0,31.82724,-99.426768
SOUTH DAKOTA,2015,30,0.0,0.0,3.0,0.0,3.0,0.0,0.0,11.0,2.0,16.0,44.35313,-100.373529
W.N. CENTRAL,2015,30,0.0,0.0,16.0,0.0,9.0,0.0,0.0,32.0,5.0,45.0,0.0,0.0
MISSISSIPPI,2015,30,0.0,0.0,5.0,0.0,1.0,0.0,0.0,2.0,1.0,4.0,32.745513,-89.538027
OKLAHOMA,2015,30,0.0,0.0,2.0,2.0,2.0,0.0,0.0,3.0,3.0,0.0,35.472031,-97.521068
KANSAS,2015,30,0.0,0.0,4.0,0.0,0.0,0.0,0.0,8.0,2.0,0.0,38.347743,-98.200778
MOUNTAIN,2015,23,0.0,0.0,22.0,1.0,1.0,0.0,0.0,23.0,0.0,0.0,0.0,0.0
W.S. CENTRAL,2015,23,0.0,0.0,38.0,1.0,1.0,0.0,0.0,32.0,1.0,1.0,0.0,0.0
KANSAS,2015,23,0.0,0.0,4.0,0.0,0.0,0.0,0.0,8.0,1.0,0.0,38.347743,-98.200778
NEW MEXICO,2015,23,0.0,0.0,5.0,1.0,0.0,0.0,0.0,4.0,0.0,0.0,34.520881,-106.240578
W.N. CENTRAL,2015,23,0.0,0.0,16.0,0.0,1.0,0.0,0.0,32.0,1.0,6.0,0.0,0.0
UNITED STATES,2015,23,0.0,1.0,135.0,2.0,5.0,0.0,1.0,106.0,2.0,11.0,0.0,0.0
OKLAHOMA,2015,23,0.0,0.0,2.0,0.0,0.0,0.0,0.0,3.0,1.0,0.0,35.472031,-97.521068
TEXAS,2015,23,0.0,0.0,30.0,1.0,1.0,0.0,0.0,21.0,0.0,1.0,31.82724,-99.426768
W.S. CENTRAL,2015,30,0.0,0.0,38.0,5.0,58.0,0.0,0.0,32.0,5.0,27.0,0.0,0.0
LOUISIANA,2015,30,0.0,0.0,8.0,2.0,14.0,0.0,0.0,11.0,0.0,12.0,31.312663,-92.445678
UNITED STATES,2015,24,0.0,1.0,135.0,2.0,11.0,0.0,1.0,106.0,3.0,14.0,0.0,0.0
W.N. CENTRAL,2015,24,0.0,0.0,16.0,0.0,1.0,0.0,0.0,32.0,1.0,7.0,0.0,0.0
W.S. CENTRAL,2015,24,0.0,0.0,38.0,1.0,1.0,0.0,0.0,32.0,2.0,1.0,0.0,0.0
NEW MEXICO,2015,24,0.0,0.0,5.0,1.0,0.0,0.0,0.0,4.0,0.0,0.0,34.520881,-106.240578
MOUNTAIN,2015,24,0.0,0.0,22.0,1.0,4.0,0.0,0.0,23.0,0.0,0.0,0.0,0.0
OKLAHOMA,2015,24,0.0,0.0,2.0,0.0,0.0,0.0,0.0,3.0,1.0,0.0,35.472031,-97.521068
TEXAS,2015,24,0.0,0.0,30.0,1.0,1.0,0.0,0.0,21.0,1.0,1.0,31.82724,-99.426768
KANSAS,2015,24,0.0,0.0,4.0,0.0,0.0,0.0,0.0,8.0,1.0,0.0,38.347743,-98.200778
NEBRASKA,2015,30,0.0,0.0,10.0,0.0,2.0,0.0,0.0,19.0,1.0,12.0,41.641044,-99.365719
ARIZONA,2015,30,0.0,0.0,8.0,1.0,20.0,0.0,0.0,5.0,0.0,4.0,34.865974,-111.763807
UNITED STATES,2015,30,0.0,0.0,135.0,9.0,153.0,0.0,1.0,106.0,14.0,135.0,0.0,0.0
WASHINGTON,2015,30,0.0,0.0,1.0,0.0,3.0,0.0,0.0,2.0,1.0,0.0,47.522288,-120.470028
MOUNTAIN,2015,30,0.0,0.0,22.0,4.0,23.0,0.0,0.0,23.0,1.0,13.0,0.0,0.0
NEW MEXICO,2015,30,0.0,0.0,5.0,1.0,0.0,0.0,0.0,4.0,0.0,1.0,34.520881,-106.240578
MONTANA,2015,30,0.0,0.0,1.0,1.0,0.0,0.0,0.0,1.0,0.0,0.0,47.066528,-109.424416
DELAWARE,2015,30,0.0,0.0,0.0,0.0,0.0,0.0,0.0,1.0,1.0,0.0,39.008834,-75.577736
PACIFIC,2015,30,0.0,0.0,56.0,0.0,51.0,0.0,0.0,27.0,1.0,40.0,0.0,0.0
S. ATLANTIC,2015,30,0.0,0.0,6.0,0.0,5.0,0.0,0.0,3.0,1.0,2.0,0.0,0.0
WYOMING,2015,30,0.0,0.0,0.0,0.0,0.0,0.0,0.0,2.0,1.0,0.0,43.235541,-108.109827
COLORADO,2015,30,0.0,0.0,11.0,1.0,3.0,0.0,0.0,17.0,0.0,8.0,38.843843,-106.133609
E.S. CENTRAL,2015,30,0.0,0.0,5.0,0.0,3.0,0.0,0.0,3.0,1.0,5.0,0.0,0.0
W.N. CENTRAL,2015,25,0.0,0.0,16.0,0.0,1.0,0.0,0.0,32.0,1.0,12.0,0.0,0.0
TEXAS,2015,25,0.0,0.0,30.0,1.0,2.0,0.0,0.0,21.0,2.0,2.0,31.82724,-99.426768
W.S. CENTRAL,2015,25,0.0,0.0,38.0,1.0,3.0,0.0,0.0,32.0,3.0,2.0,0.0,0.0
DELAWARE,2015,25,0.0,0.0,0.0,0.0,0.0,0.0,0.0,1.0,1.0,0.0,39.008834,-75.577736
KANSAS,2015,25,0.0,0.0,4.0,0.0,0.0,0.0,0.0,8.0,1.0,0.0,38.347743,-98.200778
NEW MEXICO,2015,25,0.0,0.0,5.0,1.0,0.0,0.0,0.0,4.0,0.0,0.0,34.520881,-106.240578
UNITED STATES,2015,25,0.0,1.0,135.0,2.0,18.0,0.0,1.0,106.0,5.0,22.0,0.0,0.0
S. ATLANTIC,2015,25,0.0,0.0,6.0,0.0,1.0,0.0,0.0,3.0,1.0,1.0,0.0,0.0
MOUNTAIN,2015,25,0.0,0.0,22.0,1.0,6.0,0.0,0.0,23.0,0.0,1.0,0.0,0.0
OKLAHOMA,2015,25,0.0,0.0,2.0,0.0,1.0,0.0,0.0,3.0,1.0,0.0,35.472031,-97.521068
DELAWARE,2015,31,0.0,0.0,0.0,0.0,0.0,0.0,0.0,1.0,1.0,0.0,39.008676,-75.574561
ALABAMA,2015,31,0.0,0.0,1.0,1.0,0.0,0.0,0.0,1.0,0.0,0.0,32.839182,-86.631125
W.N. CENTRAL,2015,31,0.0,0.0,16.0,2.0,13.0,0.0,0.0,32.0,19.0,53.0,0.0,0.0
OHIO,2015,31,0.0,0.0,4.0,2.0,0.0,0.0,0.0,1.0,1.0,1.0,40.056807,-82.405897
CALIFORNIA,2015,31,0.0,0.0,56.0,14.0,84.0,0.0,0.0,26.0,4.0,56.0,37.640735,-121.002435
MISSISSIPPI,2015,31,0.0,0.0,5.0,3.0,2.0,0.0,0.0,2.0,4.0,5.0,32.738663,-89.537312
W.S. CENTRAL,2015,31,0.0,1.0,38.0,20.0,82.0,0.0,0.0,32.0,11.0,39.0,0.0,0.0
VIRGINIA,2015,31,0.0,0.0,1.0,1.0,0.0,0.0,0.0,1.0,0.0,0.0,37.542699,-78.45822
PACIFIC,2015,31,0.0,0.0,56.0,17.0,87.0,0.0,0.0,27.0,10.0,56.0,0.0,0.0
NEW MEXICO,2015,26,0.0,0.0,5.0,1.0,0.0,0.0,0.0,4.0,0.0,0.0,34.520881,-106.240578
TEXAS,2015,26,0.0,0.0,30.0,1.0,4.0,0.0,0.0,21.0,2.0,3.0,31.82724,-99.426768
DELAWARE,2015,26,0.0,0.0,0.0,0.0,0.0,0.0,0.0,1.0,1.0,0.0,39.008834,-75.577736
W.S. CENTRAL,2015,26,0.0,0.0,38.0,1.0,5.0,0.0,0.0,32.0,4.0,3.0,0.0,0.0
KANSAS,2015,26,0.0,0.0,4.0,0.0,0.0,0.0,0.0,8.0,2.0,0.0,38.347743,-98.200778
UNITED STATES,2015,26,0.0,0.0,135.0,2.0,25.0,0.0,1.0,106.0,8.0,29.0,0.0,0.0
OKLAHOMA,2015,26,0.0,0.0,2.0,0.0,1.0,0.0,0.0,3.0,2.0,0.0,35.472031,-97.521068
S. ATLANTIC,2015,26,0.0,0.0,6.0,0.0,1.0,0.0,0.0,3.0,1.0,1.0,0.0,0.0
W.N. CENTRAL,2015,26,0.0,0.0,16.0,0.0,1.0,0.0,0.0,32.0,3.0,15.0,0.0,0.0
MOUNTAIN,2015,26,0.0,0.0,22.0,1.0,7.0,0.0,0.0,23.0,0.0,2.0,0.0,0.0
SOUTH DAKOTA,2015,26,0.0,0.0,3.0,0.0,0.0,0.0,0.0,11.0,1.0,8.0,44.35313,-100.373529
E.S. CENTRAL,2015,31,0.0,0.0,5.0,6.0,4.0,0.0,0.0,3.0,4.0,6.0,0.0,0.0
OKLAHOMA,2015,31,0.0,0.0,2.0,4.0,2.0,0.0,0.0,3.0,6.0,0.0,35.468494,-97.521264
COLORADO,2015,31,0.0,0.0,11.0,3.0,6.0,0.0,0.0,17.0,2.0,16.0,38.841772,-106.132562
MID. ATLANTIC,2015,31,0.0,0.0,8.0,2.0,3.0,0.0,0.0,5.0,0.0,2.0,0.0,0.0
GEORGIA,2015,31,0.0,0.0,2.0,0.0,4.0,0.0,0.0,1.0,1.0,0.0,32.836038,-83.631709
WYOMING,2015,31,0.0,0.0,0.0,0.0,0.0,0.0,0.0,2.0,1.0,0.0,43.23558,-108.110518
TENNESSEE,2015,31,0.0,0.0,2.0,2.0,2.0,0.0,0.0,1.0,0.0,0.0,35.681402,-85.774444
LOUISIANA,2015,31,0.0,0.0,8.0,5.0,16.0,0.0,0.0,11.0,0.0,18.0,31.31111,-92.445
E.N. CENTRAL,2015,31,0.0,0.0,11.0,2.0,4.0,0.0,0.0,3.0,1.0,3.0,0.0,0.0
SOUTH DAKOTA,2015,31,0.0,0.0,3.0,1.0,3.0,0.0,0.0,11.0,8.0,18.0,44.35371,-100.373709
WASHINGTON,2015,31,0.0,0.0,1.0,3.0,3.0,0.0,0.0,3.0,6.0,0.0,47.517368,-120.467672
NEW JERSEY,2015,31,0.0,0.0,1.0,2.0,1.0,0.0,0.0,1.0,0.0,0.0,40.121601,-74.321404
IDAHO,2015,31,0.0,0.0,1.0,2.0,1.0,0.0,0.0,4.0,2.0,2.0,43.680635,-114.364237
MOUNTAIN,2015,31,0.0,0.0,22.0,26.0,32.0,0.0,0.0,23.0,11.0,23.0,0.0,0.0
UNITED STATES,2015,27,0.0,1.0,135.0,6.0,38.0,0.0,1.0,106.0,11.0,37.0,0.0,0.0
ARIZONA,2015,27,0.0,0.0,8.0,1.0,9.0,0.0,0.0,5.0,0.0,0.0,34.865974,-111.763807
W.S. CENTRAL,2015,27,0.0,0.0,38.0,2.0,9.0,0.0,0.0,32.0,4.0,4.0,0.0,0.0
OKLAHOMA,2015,27,0.0,0.0,2.0,1.0,1.0,0.0,0.0,3.0,2.0,0.0,35.472031,-97.521068
W.N. CENTRAL,2015,27,0.0,0.0,16.0,0.0,2.0,0.0,0.0,32.0,4.0,17.0,0.0,0.0
DELAWARE,2015,27,0.0,0.0,0.0,0.0,0.0,0.0,0.0,1.0,1.0,0.0,39.008834,-75.577736
MOUNTAIN,2015,27,0.0,0.0,22.0,4.0,9.0,0.0,0.0,23.0,1.0,3.0,0.0,0.0
WASHINGTON,2015,27,0.0,0.0,1.0,0.0,2.0,0.0,0.0,2.0,1.0,0.0,47.522288,-120.470028
PACIFIC,2015,27,0.0,0.0,56.0,0.0,16.0,0.0,0.0,27.0,1.0,9.0,0.0,0.0
MONTANA,2015,27,0.0,0.0,1.0,1.0,0.0,0.0,0.0,1.0,0.0,0.0,47.066528,-109.424416
NEW MEXICO,2015,27,0.0,0.0,5.0,1.0,0.0,0.0,0.0,4.0,0.0,0.0,34.520881,-106.240578
SOUTH DAKOTA,2015,27,0.0,0.0,3.0,0.0,0.0,0.0,0.0,11.0,1.0,9.0,44.35313,-100.373529
KANSAS,2015,27,0.0,0.0,4.0,0.0,0.0,0.0,0.0,8.0,2.0,0.0,38.347743,-98.200778
TEXAS,2015,27,0.0,0.0,30.0,1.0,7.0,0.0,0.0,21.0,2.0,3.0,31.82724,-99.426768
WYOMING,2015,27,0.0,0.0,0.0,0.0,0.0,0.0,0.0,2.0,1.0,0.0,43.235541,-108.109827
NEBRASKA,2015,27,0.0,0.0,10.0,0.0,0.0,0.0,0.0,19.0,1.0,2.0,41.641044,-99.365719
S. ATLANTIC,2015,27,0.0,0.0,6.0,0.0,1.0,0.0,0.0,3.0,1.0,1.0,0.0,0.0
COLORADO,2015,27,0.0,0.0,11.0,1.0,0.0,0.0,0.0,17.0,0.0,3.0,38.843843,-106.133609
TEXAS,2015,31,0.0,0.0,30.0,11.0,62.0,0.0,0.0,21.0,5.0,20.0,31.827233,-99.423022
UNITED STATES,2015,31,0.0,1.0,135.0,80.0,230.0,0.0,1.0,106.0,59.0,184.0,0.0,0.0
MARYLAND,2015,31,0.0,0.0,2.0,0.0,0.0,0.0,0.0,1.0,1.0,0.0,39.290443,-76.612333
NEW MEXICO,2015,31,0.0,0.0,5.0,1.0,0.0,0.0,0.0,4.0,0.0,1.0,34.520396,-106.244402
ARIZONA,2015,31,0.0,0.0,8.0,19.0,25.0,0.0,0.0,5.0,6.0,4.0,34.869712,-111.760902
FLORIDA,2015,31,0.0,0.0,2.0,4.0,0.0,0.0,0.0,2.0,0.0,1.0,28.915325,-81.922409
NEBRASKA,2015,31,0.0,0.0,10.0,0.0,3.0,0.0,0.0,19.0,6.0,15.0,41.640503,-99.367122
KANSAS,2015,31,0.0,0.0,4.0,1.0,1.0,0.0,0.0,8.0,3.0,0.0,38.345528,-98.201847
S. ATLANTIC,2015,31,0.0,0.0,6.0,5.0,5.0,0.0,0.0,3.0,3.0,2.0,0.0,0.0
MONTANA,2015,31,0.0,0.0,1.0,1.0,0.0,0.0,0.0,1.0,0.0,0.0,47.062617,-109.430168
NORTH DAKOTA,2015,31,0.0,0.0,3.0,0.0,4.0,0.0,0.0,3.0,2.0,1.0,47.475879,-100.121011
WASHINGTON,2015,28,0.0,0.0,1.0,0.0,2.0,0.0,0.0,2.0,1.0,0.0,47.522288,-120.470028
W.N. CENTRAL,2015,28,0.0,0.0,16.0,0.0,3.0,0.0,0.0,32.0,5.0,24.0,0.0,0.0
SOUTH DAKOTA,2015,28,0.0,0.0,3.0,0.0,0.0,0.0,0.0,11.0,2.0,13.0,44.35313,-100.373529
ARIZONA,2015,28,0.0,0.0,8.0,1.0,12.0,0.0,0.0,5.0,0.0,0.0,34.865974,-111.763807
E.S. CENTRAL,2015,28,0.0,0.0,5.0,0.0,1.0,0.0,0.0,3.0,1.0,2.0,0.0,0.0
LOUISIANA,2015,28,0.0,0.0,8.0,2.0,2.0,0.0,0.0,11.0,0.0,3.0,31.312663,-92.445678
S. ATLANTIC,2015,28,0.0,0.0,6.0,0.0,2.0,0.0,0.0,3.0,1.0,2.0,0.0,0.0
WYOMING,2015,28,0.0,0.0,0.0,0.0,0.0,0.0,0.0,2.0,1.0,0.0,43.235541,-108.109827
W.S. CENTRAL,2015,28,0.0,0.0,38.0,5.0,19.0,0.0,0.0,32.0,5.0,12.0,0.0,0.0
TEXAS,2015,28,0.0,0.0,30.0,1.0,14.0,0.0,0.0,21.0,2.0,9.0,31.82724,-99.426768
DELAWARE,2015,28,0.0,0.0,0.0,0.0,0.0,0.0,0.0,1.0,1.0,0.0,39.008834,-75.577736
PACIFIC,2015,28,0.0,0.0,56.0,0.0,21.0,0.0,0.0,27.0,1.0,14.0,0.0,0.0
UNITED STATES,2015,28,0.0,1.0,135.0,9.0,58.0,0.0,1.0,106.0,14.0,60.0,0.0,0.0
MISSISSIPPI,2015,28,0.0,0.0,5.0,0.0,0.0,0.0,0.0,2.0,1.0,2.0,32.745513,-89.538027
NEW MEXICO,2015,28,0.0,0.0,5.0,1.0,0.0,0.0,0.0,4.0,0.0,0.0,34.520881,-106.240578
OKLAHOMA,2015,28,0.0,0.0,2.0,2.0,1.0,0.0,0.0,3.0,3.0,0.0,35.472031,-97.521068
KANSAS,2015,28,0.0,0.0,4.0,0.0,0.0,0.0,0.0,8.0,2.0,0.0,38.347743,-98.200778
MONTANA,2015,28,0.0,0.0,1.0,1.0,0.0,0.0,0.0,1.0,0.0,0.0,47.066528,-109.424416
COLORADO,2015,28,0.0,0.0,11.0,1.0,0.0,0.0,0.0,17.0,0.0,5.0,38.843843,-106.133609
NEBRASKA,2015,28,0.0,0.0,10.0,0.0,1.0,0.0,0.0,19.0,1.0,2.0,41.641044,-99.365719
MOUNTAIN,2015,28,0.0,0.0,22.0,4.0,12.0,0.0,0.0,23.0,1.0,5.0,0.0,0.0
ARIZONA,2015,32,0.0,0.0,8.0,19.0,30.0,0.0,0.0,5.0,7.0,6.0,34.869712,-111.760902
COLORADO,2015,32,0.0,0.0,11.0,5.0,8.0,0.0,0.0,17.0,3.0,22.0,38.841772,-106.132562
OKLAHOMA,2015,32,0.0,0.0,2.0,4.0,2.0,0.0,0.0,3.0,6.0,1.0,35.468494,-97.521264
MID. ATLANTIC,2015,32,0.0,0.0,8.0,4.0,6.0,0.0,0.0,5.0,2.0,4.0,0.0,0.0
KANSAS,2015,32,0.0,0.0,4.0,2.0,1.0,0.0,0.0,8.0,4.0,2.0,38.345528,-98.201847
MOUNTAIN,2015,32,0.0,0.0,22.0,29.0,43.0,0.0,0.0,23.0,13.0,37.0,0.0,0.0
ARIZONA,2015,29,0.0,0.0,8.0,1.0,17.0,0.0,0.0,5.0,0.0,1.0,34.865974,-111.763807
UNITED STATES,2015,29,0.0,1.0,135.0,9.0,100.0,0.0,1.0,106.0,14.0,93.0,0.0,0.0
PACIFIC,2015,29,0.0,0.0,56.0,0.0,32.0,0.0,0.0,27.0,1.0,26.0,0.0,0.0
KANSAS,2015,29,0.0,0.0,4.0,0.0,0.0,0.0,0.0,8.0,2.0,0.0,38.347743,-98.200778
S. ATLANTIC,2015,29,0.0,0.0,6.0,0.0,4.0,0.0,0.0,3.0,1.0,2.0,0.0,0.0
MONTANA,2015,29,0.0,0.0,1.0,1.0,0.0,0.0,0.0,1.0,0.0,0.0,47.066528,-109.424416
WYOMING,2015,29,0.0,0.0,0.0,0.0,0.0,0.0,0.0,2.0,1.0,0.0,43.235541,-108.109827
WASHINGTON,2015,29,0.0,0.0,1.0,0.0,2.0,0.0,0.0,2.0,1.0,0.0,47.522288,-120.470028
W.S. CENTRAL,2015,29,0.0,0.0,38.0,5.0,36.0,0.0,0.0,32.0,5.0,18.0,0.0,0.0
E.S. CENTRAL,2015,29,0.0,0.0,5.0,0.0,1.0,0.0,0.0,3.0,1.0,3.0,0.0,0.0
TEXAS,2015,29,0.0,0.0,30.0,1.0,24.0,0.0,0.0,21.0,2.0,12.0,31.82724,-99.426768
GEORGIA,2015,32,0.0,0.0,2.0,0.0,4.0,0.0,0.0,1.0,1.0,0.0,32.836038,-83.631709
OHIO,2015,32,0.0,0.0,4.0,4.0,2.0,0.0,0.0,1.0,2.0,1.0,40.056807,-82.405897
S. ATLANTIC,2015,32,0.0,0.0,6.0,6.0,7.0,0.0,0.0,3.0,3.0,2.0,0.0,0.0
IOWA,2015,32,0.0,0.0,3.0,0.0,1.0,0.0,0.0,1.0,1.0,8.0,42.46942,-93.815856
FLORIDA,2015,32,0.0,0.0,2.0,4.0,1.0,0.0,0.0,2.0,0.0,1.0,28.915325,-81.922409
VIRGINIA,2015,32,0.0,0.0,1.0,1.0,1.0,0.0,0.0,1.0,0.0,0.0,37.542699,-78.45822
LOUISIANA,2015,32,0.0,0.0,8.0,7.0,19.0,0.0,0.0,11.0,1.0,19.0,31.31111,-92.445
PACIFIC,2015,32,0.0,0.0,56.0,28.0,130.0,0.0,0.0,27.0,20.0,80.0,0.0,0.0
MISSISSIPPI,2015,32,0.0,0.0,5.0,7.0,7.0,0.0,0.0,2.0,4.0,7.0,32.738663,-89.537312
SOUTH DAKOTA,2015,32,0.0,0.0,3.0,1.0,4.0,0.0,0.0,11.0,9.0,24.0,44.35371,-100.373709
MONTANA,2015,32,0.0,0.0,1.0,1.0,0.0,0.0,0.0,1.0,0.0,1.0,47.062617,-109.430168
MARYLAND,2015,32,0.0,0.0,2.0,0.0,0.0,0.0,0.0,1.0,1.0,0.0,39.290443,-76.612333
DELAWARE,2015,32,0.0,0.0,0.0,0.0,0.0,0.0,0.0,1.0,1.0,0.0,39.008676,-75.574561
W.N. CENTRAL,2015,32,0.0,0.0,16.0,5.0,17.0,0.0,0.0,32.0,27.0,74.0,0.0,0.0
W.S. CENTRAL,2015,32,0.0,1.0,38.0,37.0,106.0,0.0,0.0,32.0,12.0,55.0,0.0,0.0
IDAHO,2015,32,0.0,0.0,1.0,2.0,2.0,0.0,0.0,2.0,2.0,6.0,43.680635,-114.364237
WASHINGTON,2015,32,0.0,0.0,1.0,4.0,3.0,0.0,0.0,3.0,8.0,1.0,47.517368,-120.467672
WYOMING,2015,32,0.0,0.0,0.0,0.0,0.0,0.0,0.0,2.0,1.0,1.0,43.23558,-108.110518
E.S. CENTRAL,2015,32,0.0,0.0,5.0,11.0,9.0,0.0,0.0,3.0,5.0,8.0,0.0,0.0
E.N. CENTRAL,2015,32,0.0,0.0,11.0,4.0,10.0,0.0,0.0,3.0,2.0,4.0,0.0,0.0
UNITED STATES,2015,32,0.0,1.0,135.0,124.0,328.0,0.0,1.0,106.0,84.0,264.0,0.0,0.0
NEW YORK CITY,2015,32,0.0,0.0,4.0,1.0,1.0,0.0,0.0,2.0,0.0,0.0,0.0,0.0
NEW JERSEY,2015,32,0.0,0.0,1.0,3.0,1.0,0.0,0.0,1.0,0.0,1.0,40.121601,-74.321404
NEW YORK CITY,2015,33,0.0,0.0,4.0,1.0,1.0,0.0,0.0,2.0,0.0,0.0,0.0,0.0
IDAHO,2015,33,0.0,0.0,1.0,2.0,3.0,0.0,0.0,2.0,3.0,8.0,43.680635,-114.364237
WISCONSIN,2015,33,0.0,0.0,1.0,0.0,1.0,0.0,0.0,1.0,1.0,2.0,44.395526,-89.834513
WASHINGTON,2015,33,0.0,0.0,1.0,5.0,3.0,0.0,0.0,3.0,11.0,1.0,47.517368,-120.467672
NORTH DAKOTA,2015,33,0.0,0.0,3.0,1.0,7.0,0.0,0.0,3.0,3.0,4.0,47.475879,-100.121011
VIRGINIA,2015,33,0.0,0.0,1.0,1.0,1.0,0.0,0.0,2.0,2.0,1.0,37.542699,-78.45822
WYOMING,2015,33,0.0,0.0,2.0,2.0,0.0,0.0,0.0,1.0,2.0,3.0,43.23558,-108.110518
W.S. CENTRAL,2015,33,0.0,1.0,31.0,47.0,144.0,0.0,0.0,32.0,17.0,81.0,0.0,0.0
W.N. CENTRAL,2015,33,0.0,0.0,16.0,11.0,27.0,0.0,0.0,32.0,31.0,86.0,0.0,0.0
PACIFIC,2015,33,0.0,0.0,56.0,36.0,179.0,0.0,0.0,24.0,37.0,107.0,0.0,0.0
KANSAS,2015,33,0.0,0.0,4.0,2.0,2.0,0.0,0.0,8.0,5.0,5.0,38.345528,-98.201847
CALIFORNIA,2015,33,0.0,0.0,56.0,31.0,176.0,0.0,0.0,23.0,26.0,105.0,37.640735,-121.002435
ILLINOIS,2015,33,0.0,0.0,10.0,1.0,7.0,0.0,0.0,3.0,0.0,1.0,40.477092,-88.993221
S. ATLANTIC,2015,33,0.0,0.0,6.0,10.0,13.0,0.0,0.0,3.0,6.0,3.0,0.0,0.0
NEBRASKA,2015,33,0.0,0.0,10.0,2.0,6.0,0.0,0.0,19.0,12.0,31.0,41.640503,-99.367122
ARIZONA,2015,33,0.0,0.0,8.0,27.0,32.0,0.0,0.0,5.0,17.0,7.0,34.869712,-111.760902
TENNESSEE,2015,33,0.0,0.0,2.0,2.0,2.0,0.0,0.0,1.0,1.0,0.0,35.681402,-85.774444
COLORADO,2015,33,0.0,0.0,11.0,5.0,12.0,0.0,0.0,17.0,3.0,27.0,38.841772,-106.132562
MID. ATLANTIC,2015,33,0.0,0.0,8.0,6.0,6.0,0.0,0.0,5.0,3.0,6.0,0.0,0.0
GEORGIA,2015,33,0.0,0.0,2.0,2.0,6.0,0.0,0.0,1.0,1.0,0.0,32.836038,-83.631709
DIST. OF COL.,2015,33,0.0,0.0,1.0,1.0,0.0,0.0,0.0,1.0,0.0,1.0,0.0,0.0
TEXAS,2015,33,0.0,1.0,25.0,28.0,113.0,0.0,0.0,21.0,8.0,48.0,31.827233,-99.423022
OKLAHOMA,2015,33,0.0,0.0,2.0,4.0,2.0,0.0,0.0,3.0,6.0,2.0,35.468494,-97.521264
UNITED STATES,2015,33,1.0,1.0,135.0,168.0,446.0,0.0,1.0,106.0,130.0,347.0,0.0,0.0
OHIO,2015,33,1.0,0.0,4.0,6.0,3.0,0.0,0.0,2.0,3.0,1.0,40.056807,-82.405897
MISSISSIPPI,2015,33,0.0,0.0,5.0,9.0,9.0,0.0,0.0,2.0,4.0,9.0,32.738663,-89.537312
PENNSYLVANIA,2015,33,0.0,0.0,4.0,2.0,4.0,0.0,0.0,2.0,3.0,1.0,40.789676,-77.858055
DELAWARE,2015,33,0.0,0.0,0.0,0.0,0.0,0.0,0.0,1.0,1.0,0.0,39.008676,-75.574561
E.N. CENTRAL,2015,33,1.0,0.0,11.0,7.0,14.0,0.0,0.0,3.0,5.0,5.0,0.0,0.0
MOUNTAIN,2015,33,0.0,0.0,22.0,38.0,51.0,0.0,0.0,23.0,25.0,49.0,0.0,0.0
ALABAMA,2015,33,0.0,0.0,2.0,2.0,0.0,0.0,0.0,1.0,1.0,0.0,32.839182,-86.631125
SOUTH DAKOTA,2015,33,0.0,0.0,3.0,4.0,5.0,0.0,0.0,11.0,10.0,24.0,44.35371,-100.373709
E.S. CENTRAL,2015,33,0.0,0.0,5.0,13.0,11.0,0.0,0.0,3.0,6.0,10.0,0.0,0.0
NEW MEXICO,2015,33,0.0,0.0,5.0,2.0,2.0,0.0,0.0,4.0,0.0,1.0,34.520396,-106.244402
NEW JERSEY,2015,33,0.0,0.0,1.0,3.0,1.0,0.0,0.0,1.0,0.0,1.0,40.121601,-74.321404
ARKANSAS,2015,33,0.0,0.0,2.0,5.0,2.0,0.0,0.0,1.0,1.0,1.0,34.748745,-92.275105
MARYLAND,2015,33,0.0,0.0,2.0,1.0,1.0,0.0,0.0,1.0,2.0,0.0,39.290443,-76.612333
LOUISIANA,2015,33,0.0,0.0,6.0,10.0,27.0,0.0,0.0,8.0,2.0,30.0,31.31111,-92.445
INDIANA,2015,33,0.0,0.0,3.0,0.0,3.0,0.0,0.0,1.0,1.0,1.0,39.76845,-86.156212
IOWA,2015,33,0.0,0.0,3.0,0.0,1.0,0.0,0.0,1.0,1.0,9.0,42.46942,-93.815856
FLORIDA,2015,33,0.0,0.0,2.0,5.0,3.0,0.0,0.0,2.0,0.0,1.0,28.915325,-81.922409
MISSOURI,2015,33,0.0,0.0,2.0,2.0,2.0,0.0,0.0,1.0,0.0,1.0,38.636168,-92.566292
WASHINGTON,2015,34,0.0,0.0,2.0,6.0,4.0,0.0,0.0,3.0,12.0,2.0,47.517368,-120.467672
TEXAS,2015,34,0.0,1.0,25.0,32.0,137.0,0.0,0.0,16.0,11.0,69.0,31.827233,-99.423022
ILLINOIS,2015,34,0.0,0.0,10.0,2.0,9.0,0.0,0.0,3.0,1.0,2.0,40.477092,-88.993221
OKLAHOMA,2015,34,0.0,0.0,2.0,4.0,2.0,0.0,0.0,3.0,11.0,5.0,35.468494,-97.521264
MID. ATLANTIC,2015,34,0.0,0.0,8.0,10.0,13.0,0.0,0.0,3.0,6.0,6.0,0.0,0.0
NORTH DAKOTA,2015,34,0.0,0.0,3.0,3.0,8.0,0.0,0.0,3.0,5.0,4.0,47.475879,-100.121011
MISSOURI,2015,34,0.0,0.0,2.0,2.0,3.0,0.0,0.0,1.0,1.0,2.0,38.636168,-92.566292
VIRGINIA,2015,34,0.0,0.0,1.0,1.0,2.0,0.0,0.0,2.0,3.0,1.0,37.542699,-78.45822
UNITED STATES,2015,34,0.0,1.0,138.0,218.0,602.0,2.0,1.0,90.0,189.0,450.0,0.0,0.0
NEW MEXICO,2015,34,0.0,0.0,5.0,2.0,3.0,0.0,0.0,4.0,0.0,1.0,34.520396,-106.244402
MARYLAND,2015,34,0.0,0.0,2.0,3.0,2.0,2.0,0.0,2.0,8.0,0.0,39.290443,-76.612333
PACIFIC,2015,34,0.0,0.0,61.0,50.0,247.0,0.0,0.0,24.0,49.0,127.0,0.0,0.0
MISSISSIPPI,2015,34,0.0,0.0,5.0,11.0,13.0,0.0,0.0,2.0,7.0,10.0,32.738663,-89.537312
NEW JERSEY,2015,34,0.0,0.0,2.0,5.0,1.0,0.0,0.0,1.0,1.0,1.0,40.121601,-74.321404
TENNESSEE,2015,34,0.0,0.0,2.0,2.0,3.0,0.0,0.0,1.0,1.0,1.0,35.681402,-85.774444
E.N. CENTRAL,2015,34,0.0,0.0,11.0,12.0,19.0,0.0,0.0,3.0,7.0,6.0,0.0,0.0
MOUNTAIN,2015,34,0.0,0.0,22.0,49.0,64.0,0.0,0.0,11.0,38.0,72.0,0.0,0.0
COLORADO,2015,34,0.0,0.0,8.0,13.0,23.0,0.0,0.0,8.0,16.0,44.0,38.841772,-106.132562
ARIZONA,2015,34,0.0,0.0,8.0,29.0,32.0,0.0,0.0,5.0,17.0,9.0,34.869712,-111.760902
W.N. CENTRAL,2015,34,0.0,0.0,16.0,13.0,39.0,0.0,0.0,32.0,42.0,109.0,0.0,0.0
ARKANSAS,2015,34,0.0,0.0,2.0,7.0,2.0,0.0,0.0,1.0,1.0,1.0,34.748745,-92.275105
ALABAMA,2015,34,0.0,0.0,2.0,2.0,0.0,0.0,0.0,1.0,1.0,0.0,32.839182,-86.631125
OHIO,2015,34,0.0,0.0,4.0,8.0,3.0,0.0,0.0,2.0,3.0,1.0,40.056807,-82.405897
DIST. OF COL.,2015,34,0.0,0.0,1.0,1.0,1.0,0.0,0.0,1.0,0.0,1.0,0.0,0.0
KANSAS,2015,34,0.0,0.0,5.0,2.0,4.0,0.0,0.0,8.0,5.0,7.0,38.345528,-98.201847
S. ATLANTIC,2015,34,0.0,0.0,5.0,14.0,20.0,2.0,0.0,3.0,13.0,3.0,0.0,0.0
WYOMING,2015,34,0.0,0.0,2.0,2.0,0.0,0.0,0.0,1.0,2.0,4.0,43.23558,-108.110518
FLORIDA,2015,34,0.0,0.0,2.0,6.0,5.0,0.0,0.0,2.0,0.0,1.0,28.915325,-81.922409
LOUISIANA,2015,34,0.0,0.0,8.0,12.0,41.0,0.0,0.0,8.0,2.0,38.0,31.31111,-92.445
NEBRASKA,2015,34,0.0,0.0,10.0,2.0,9.0,0.0,0.0,19.0,18.0,39.0,41.640503,-99.367122
SOUTH DAKOTA,2015,34,0.0,0.0,3.0,4.0,7.0,0.0,0.0,3.0,12.0,35.0,44.35371,-100.373709
NEW YORK CITY,2015,34,0.0,0.0,4.0,1.0,4.0,0.0,0.0,1.0,0.0,2.0,0.0,0.0
CALIFORNIA,2015,34,0.0,0.0,61.0,44.0,237.0,0.0,0.0,23.0,37.0,124.0,37.640735,-121.002435
W.S. CENTRAL,2015,34,0.0,1.0,31.0,55.0,182.0,0.0,0.0,25.0,25.0,113.0,0.0,0.0
IDAHO,2015,34,0.0,0.0,1.0,3.0,4.0,0.0,0.0,2.0,3.0,10.0,43.680635,-114.364237
GEORGIA,2015,34,0.0,0.0,2.0,3.0,8.0,0.0,0.0,1.0,1.0,0.0,32.836038,-83.631709
INDIANA,2015,34,0.0,0.0,3.0,2.0,4.0,0.0,0.0,1.0,2.0,1.0,39.76845,-86.156212
IOWA,2015,34,0.0,0.0,1.0,0.0,4.0,0.0,0.0,1.0,1.0,9.0,42.46942,-93.815856
DELAWARE,2015,34,0.0,0.0,0.0,0.0,0.0,0.0,0.0,1.0,1.0,0.0,39.008676,-75.574561
WISCONSIN,2015,34,0.0,0.0,1.0,0.0,2.0,0.0,0.0,1.0,1.0,2.0,44.395526,-89.834513
PENNSYLVANIA,2015,34,0.0,0.0,4.0,4.0,5.0,0.0,0.0,2.0,5.0,1.0,40.789676,-77.858055
E.S. CENTRAL,2015,34,0.0,0.0,5.0,15.0,16.0,0.0,0.0,3.0,9.0,12.0,0.0,0.0
NEW MEXICO,2015,35,0.0,0.0,5.0,2.0,7.0,0.0,0.0,4.0,0.0,1.0,34.520396,-106.244402
MOUNTAIN,2015,35,0.0,0.0,16.0,49.0,86.0,0.0,0.0,11.0,39.0,82.0,0.0,0.0
W.S. CENTRAL,2015,35,0.0,1.0,31.0,63.0,213.0,0.0,0.0,18.0,29.0,138.0,0.0,0.0
GEORGIA,2015,35,0.0,0.0,2.0,3.0,8.0,0.0,0.0,1.0,1.0,0.0,32.836038,-83.631709
LOUISIANA,2015,35,0.0,0.0,8.0,12.0,44.0,0.0,0.0,5.0,2.0,46.0,31.31111,-92.445
NEBRASKA,2015,35,0.0,0.0,10.0,3.0,13.0,0.0,0.0,19.0,19.0,55.0,41.640503,-99.367122
MARYLAND,2015,35,0.0,0.0,2.0,4.0,3.0,0.0,0.0,3.0,11.0,0.0,39.290443,-76.612333
NEW YORK CITY,2015,35,0.0,0.0,4.0,1.0,5.0,0.0,0.0,0.0,0.0,3.0,0.0,0.0
FLORIDA,2015,35,0.0,0.0,2.0,6.0,6.0,0.0,0.0,2.0,0.0,2.0,28.915325,-81.922409
MASSACHUSETTS,2015,35,0.0,0.0,1.0,1.0,3.0,0.0,0.0,1.0,0.0,0.0,42.268546,-72.085064
NORTH DAKOTA,2015,35,0.0,0.0,3.0,4.0,11.0,0.0,0.0,3.0,6.0,6.0,47.475879,-100.121011
IOWA,2015,35,0.0,0.0,1.0,0.0,4.0,0.0,0.0,1.0,2.0,9.0,42.46942,-93.815856
COLORADO,2015,35,0.0,0.0,5.0,13.0,31.0,0.0,0.0,8.0,16.0,51.0,38.841772,-106.132562
OHIO,2015,35,0.0,0.0,4.0,9.0,4.0,0.0,0.0,2.0,4.0,1.0,40.056807,-82.405897
ARKANSAS,2015,35,0.0,0.0,2.0,9.0,3.0,0.0,0.0,1.0,1.0,1.0,34.748745,-92.275105
TENNESSEE,2015,35,0.0,0.0,2.0,2.0,5.0,0.0,0.0,1.0,1.0,2.0,35.681402,-85.774444
MISSOURI,2015,35,0.0,0.0,2.0,6.0,4.0,0.0,0.0,1.0,1.0,3.0,38.636168,-92.566292
WISCONSIN,2015,35,0.0,0.0,1.0,0.0,2.0,0.0,0.0,1.0,1.0,3.0,44.395526,-89.834513
DIST. OF COL.,2015,35,0.0,0.0,1.0,1.0,1.0,0.0,0.0,1.0,0.0,1.0,0.0,0.0
SOUTH DAKOTA,2015,35,0.0,0.0,2.0,6.0,10.0,0.0,0.0,4.0,17.0,36.0,44.35371,-100.373709
E.N. CENTRAL,2015,35,0.0,0.0,11.0,14.0,24.0,0.0,0.0,3.0,9.0,8.0,0.0,0.0
MISSISSIPPI,2015,35,0.0,0.0,5.0,15.0,15.0,0.0,0.0,2.0,7.0,12.0,32.738663,-89.537312
CALIFORNIA,2015,35,0.0,0.0,61.0,60.0,290.0,0.0,0.0,23.0,46.0,140.0,37.640735,-121.002435
IDAHO,2015,35,0.0,0.0,1.0,3.0,5.0,0.0,0.0,1.0,3.0,12.0,43.680635,-114.364237
OKLAHOMA,2015,35,0.0,0.0,2.0,10.0,4.0,0.0,0.0,4.0,15.0,6.0,35.468494,-97.521264
NEW ENGLAND,2015,35,0.0,0.0,2.0,1.0,3.0,0.0,0.0,1.0,0.0,2.0,0.0,0.0
UNITED STATES,2015,35,0.0,1.0,138.0,263.0,739.0,0.0,1.0,88.0,221.0,540.0,0.0,0.0
WYOMING,2015,35,0.0,0.0,2.0,2.0,0.0,0.0,0.0,1.0,2.0,5.0,43.23558,-108.110518
KANSAS,2015,35,0.0,0.0,5.0,4.0,5.0,0.0,0.0,7.0,6.0,15.0,38.345528,-98.201847
ILLINOIS,2015,35,0.0,0.0,10.0,3.0,13.0,0.0,0.0,3.0,2.0,3.0,40.477092,-88.993221
ARIZONA,2015,35,0.0,0.0,7.0,29.0,40.0,0.0,0.0,5.0,17.0,9.0,34.869712,-111.760902
VIRGINIA,2015,35,0.0,0.0,1.0,1.0,3.0,0.0,0.0,2.0,4.0,1.0,37.542699,-78.45822
TEXAS,2015,35,0.0,0.0,23.0,32.0,162.0,0.0,0.0,14.0,11.0,85.0,31.827233,-99.423022
ALABAMA,2015,35,0.0,0.0,2.0,2.0,0.0,0.0,0.0,1.0,1.0,0.0,32.839182,-86.631125
INDIANA,2015,35,0.0,0.0,3.0,2.0,4.0,0.0,0.0,1.0,2.0,1.0,39.76845,-86.156212
W.N. CENTRAL,2015,35,0.0,0.0,16.0,23.0,52.0,0.0,0.0,32.0,51.0,137.0,0.0,0.0
NEW JERSEY,2015,35,0.0,0.0,2.0,6.0,2.0,0.0,0.0,1.0,1.0,2.0,40.121601,-74.321404
S. ATLANTIC,2015,35,0.0,0.0,5.0,15.0,23.0,0.0,0.0,4.0,17.0,4.0,0.0,0.0
MONTANA,2015,35,0.0,0.0,1.0,0.0,1.0,0.0,0.0,1.0,1.0,3.0,47.062617,-109.430168
WASHINGTON,2015,35,0.0,0.0,2.0,7.0,5.0,0.0,0.0,3.0,13.0,4.0,47.517368,-120.467672
PACIFIC,2015,35,0.0,0.0,61.0,67.0,301.0,0.0,0.0,24.0,59.0,145.0,0.0,0.0
PENNSYLVANIA,2015,35,0.0,0.0,4.0,5.0,5.0,0.0,0.0,2.0,7.0,2.0,40.789676,-77.858055
DELAWARE,2015,35,0.0,0.0,0.0,0.0,0.0,0.0,0.0,1.0,1.0,0.0,39.008676,-75.574561
E.S. CENTRAL,2015,35,0.0,0.0,5.0,19.0,20.0,0.0,0.0,3.0,9.0,15.0,0.0,0.0
MID. ATLANTIC,2015,35,0.0,0.0,8.0,12.0,17.0,0.0,0.0,3.0,8.0,9.0,0.0,0.0
ALABAMA,2015,36,0.0,0.0,2.0,2.0,0.0,0.0,0.0,1.0,1.0,1.0,32.839182,-86.631125
E.S. CENTRAL,2015,36,0.0,0.0,5.0,21.0,25.0,0.0,0.0,3.0,10.0,17.0,0.0,0.0
NEBRASKA,2015,36,0.0,0.0,10.0,8.0,20.0,0.0,0.0,7.0,27.0,74.0,41.640503,-99.367122
VIRGINIA,2015,36,0.0,0.0,2.0,4.0,4.0,0.0,0.0,2.0,4.0,2.0,37.542699,-78.45822
PACIFIC,2015,36,0.0,0.0,61.0,78.0,347.0,0.0,0.0,24.0,63.0,165.0,0.0,0.0
MISSISSIPPI,2015,36,0.0,0.0,5.0,17.0,20.0,0.0,0.0,2.0,8.0,12.0,32.738663,-89.537312
WASHINGTON,2015,36,0.0,0.0,2.0,7.0,5.0,0.0,0.0,3.0,13.0,4.0,47.517368,-120.467672
MISSOURI,2015,36,0.0,0.0,5.0,11.0,5.0,0.0,0.0,1.0,2.0,3.0,38.636168,-92.566292
OHIO,2015,36,0.0,0.0,4.0,13.0,4.0,0.0,0.0,2.0,6.0,1.0,40.056807,-82.405897
INDIANA,2015,36,0.0,0.0,3.0,4.0,5.0,0.0,0.0,1.0,4.0,1.0,39.76845,-86.156212
NEW MEXICO,2015,36,0.0,0.0,5.0,2.0,9.0,0.0,0.0,0.0,0.0,5.0,34.520396,-106.244402
MOUNTAIN,2015,36,0.0,0.0,16.0,72.0,96.0,0.0,0.0,13.0,50.0,93.0,0.0,0.0
UNITED STATES,2015,36,0.0,1.0,138.0,408.0,870.0,0.0,1.0,64.0,286.0,628.0,0.0,0.0
E.N. CENTRAL,2015,36,0.0,0.0,11.0,27.0,35.0,0.0,0.0,4.0,15.0,8.0,0.0,0.0
CONNECTICUT,2015,36,0.0,0.0,1.0,2.0,2.0,0.0,0.0,1.0,1.0,2.0,41.544654,-72.651713
SOUTH DAKOTA,2015,36,0.0,0.0,3.0,7.0,12.0,0.0,0.0,6.0,22.0,39.0,44.35371,-100.373709
ILLINOIS,2015,36,0.0,0.0,6.0,6.0,23.0,0.0,0.0,3.0,4.0,3.0,40.477092,-88.993221
KANSAS,2015,36,0.0,0.0,3.0,5.0,10.0,0.0,0.0,6.0,6.0,22.0,38.345528,-98.201847
NEW YORK CITY,2015,36,0.0,0.0,4.0,8.0,6.0,0.0,0.0,1.0,1.0,3.0,0.0,0.0
COLORADO,2015,36,0.0,0.0,7.0,32.0,33.0,0.0,0.0,11.0,25.0,56.0,38.841772,-106.132562
GEORGIA,2015,36,0.0,0.0,2.0,4.0,10.0,0.0,0.0,1.0,1.0,1.0,32.836038,-83.631709
ARIZONA,2015,36,0.0,0.0,7.0,29.0,45.0,0.0,0.0,5.0,17.0,10.0,34.869712,-111.760902
IOWA,2015,36,0.0,0.0,1.0,0.0,4.0,0.0,0.0,1.0,2.0,9.0,42.46942,-93.815856
DIST. OF COL.,2015,36,0.0,0.0,1.0,1.0,1.0,0.0,0.0,0.0,0.0,2.0,0.0,0.0
NORTH DAKOTA,2015,36,0.0,0.0,3.0,4.0,11.0,0.0,0.0,2.0,6.0,9.0,47.475879,-100.121011
FLORIDA,2015,36,0.0,0.0,2.0,6.0,7.0,0.0,0.0,2.0,0.0,2.0,28.915325,-81.922409
PENNSYLVANIA,2015,36,0.0,0.0,4.0,8.0,7.0,0.0,0.0,2.0,8.0,2.0,40.789676,-77.858055
ARKANSAS,2015,36,0.0,0.0,2.0,9.0,3.0,0.0,0.0,1.0,1.0,1.0,34.748745,-92.275105
TEXAS,2015,36,0.0,1.0,23.0,78.0,184.0,0.0,0.0,10.0,28.0,99.0,31.827233,-99.423022
S. ATLANTIC,2015,36,0.0,0.0,6.0,28.0,28.0,0.0,0.0,4.0,21.0,7.0,0.0,0.0
NORTH CAROLINA,2015,36,0.0,0.0,1.0,3.0,0.0,0.0,0.0,0.0,0.0,0.0,35.47995,-79.180571
NEW YORK,2015,36,0.0,0.0,1.0,1.0,6.0,0.0,0.0,1.0,0.0,3.0,42.826892,-75.544286
NEW ENGLAND,2015,36,0.0,0.0,2.0,3.0,5.0,0.0,0.0,2.0,2.0,3.0,0.0,0.0
MID. ATLANTIC,2015,36,0.0,0.0,8.0,25.0,22.0,0.0,0.0,5.0,11.0,10.0,0.0,0.0
MICHIGAN,2015,36,0.0,0.0,2.0,4.0,1.0,0.0,0.0,0.0,0.0,0.0,44.66399,-84.711206
NEW JERSEY,2015,36,0.0,0.0,2.0,8.0,3.0,0.0,0.0,2.0,2.0,2.0,40.121601,-74.321404
CALIFORNIA,2015,36,0.0,0.0,61.0,71.0,336.0,0.0,0.0,23.0,50.0,160.0,37.640735,-121.002435
IDAHO,2015,36,0.0,0.0,1.0,4.0,6.0,0.0,0.0,1.0,3.0,13.0,43.680635,-114.364237
WISCONSIN,2015,36,0.0,0.0,1.0,0.0,2.0,0.0,0.0,1.0,1.0,3.0,44.395526,-89.834513
TENNESSEE,2015,36,0.0,0.0,2.0,2.0,5.0,0.0,0.0,1.0,1.0,3.0,35.681402,-85.774444
NEVADA,2015,36,0.0,0.0,2.0,3.0,2.0,0.0,0.0,1.0,2.0,0.0,39.491833,-117.070159
MARYLAND,2015,36,0.0,0.0,4.0,10.0,4.0,0.0,0.0,4.0,15.0,0.0,39.290443,-76.612333
MASSACHUSETTS,2015,36,0.0,0.0,1.0,1.0,3.0,0.0,0.0,1.0,1.0,1.0,42.268546,-72.085064
DELAWARE,2015,36,0.0,0.0,0.0,0.0,0.0,0.0,0.0,1.0,1.0,0.0,39.008676,-75.574561
W.S. CENTRAL,2015,36,0.0,1.0,26.0,119.0,244.0,0.0,0.0,17.0,47.0,156.0,0.0,0.0
WYOMING,2015,36,0.0,0.0,2.0,2.0,0.0,0.0,0.0,1.0,2.0,5.0,43.23558,-108.110518
OKLAHOMA,2015,36,0.0,0.0,2.0,12.0,5.0,0.0,0.0,4.0,16.0,6.0,35.468494,-97.521264
LOUISIANA,2015,36,0.0,0.0,5.0,20.0,52.0,0.0,0.0,5.0,2.0,50.0,31.31111,-92.445
MONTANA,2015,36,0.0,0.0,1.0,0.0,1.0,0.0,0.0,1.0,1.0,3.0,47.062617,-109.430168
W.N. CENTRAL,2015,36,0.0,0.0,16.0,35.0,68.0,0.0,0.0,15.0,67.0,169.0,0.0,0.0
MINNESOTA,2015,36,0.0,0.0,0.0,0.0,6.0,0.0,0.0,1.0,2.0,13.0,44.943719,-93.094281
MONTANA,2015,37,0.0,0.0,1.0,1.0,1.0,0.0,0.0,1.0,1.0,3.0,47.062617,-109.430168
ALABAMA,2015,37,0.0,0.0,2.0,2.0,0.0,0.0,0.0,1.0,1.0,1.0,32.839182,-86.631125
NEW YORK CITY,2015,37,0.0,0.0,3.0,8.0,10.0,0.0,0.0,1.0,1.0,3.0,0.0,0.0
CONNECTICUT,2015,37,0.0,0.0,1.0,2.0,2.0,0.0,0.0,1.0,1.0,2.0,41.544654,-72.651713
INDIANA,2015,37,0.0,0.0,3.0,8.0,6.0,0.0,0.0,1.0,4.0,1.0,39.76845,-86.156212
TENNESSEE,2015,37,0.0,0.0,2.0,2.0,7.0,0.0,0.0,1.0,1.0,3.0,35.681402,-85.774444
WYOMING,2015,37,0.0,0.0,2.0,2.0,0.0,0.0,0.0,1.0,2.0,5.0,43.23558,-108.110518
W.N. CENTRAL,2015,37,0.0,0.0,10.0,45.0,84.0,0.0,0.0,14.0,75.0,184.0,0.0,0.0
ILLINOIS,2015,37,0.0,0.0,4.0,15.0,29.0,0.0,0.0,3.0,7.0,6.0,40.477092,-88.993221
VIRGINIA,2015,37,0.0,0.0,3.0,6.0,4.0,0.0,0.0,2.0,4.0,2.0,37.542699,-78.45822
NEBRASKA,2015,37,0.0,0.0,8.0,12.0,30.0,0.0,0.0,6.0,28.0,81.0,41.640503,-99.367122
PENNSYLVANIA,2015,37,0.0,0.0,3.0,11.0,11.0,0.0,0.0,2.0,9.0,2.0,40.789676,-77.858055
NORTH CAROLINA,2015,37,0.0,0.0,1.0,3.0,0.0,0.0,0.0,0.0,0.0,0.0,35.47995,-79.180571
IDAHO,2015,37,0.0,0.0,1.0,4.0,6.0,0.0,0.0,1.0,3.0,13.0,43.680635,-114.364237
LOUISIANA,2015,37,0.0,0.0,5.0,20.0,54.0,0.0,0.0,4.0,2.0,55.0,31.31111,-92.445
NEVADA,2015,37,0.0,0.0,3.0,4.0,2.0,0.0,0.0,2.0,3.0,0.0,39.491833,-117.070159
E.S. CENTRAL,2015,37,0.0,0.0,5.0,22.0,29.0,0.0,0.0,3.0,11.0,19.0,0.0,0.0
GEORGIA,2015,37,0.0,0.0,2.0,5.0,10.0,0.0,0.0,1.0,1.0,1.0,32.836038,-83.631709
MOUNTAIN,2015,37,0.0,0.0,16.0,97.0,110.0,0.0,0.0,14.0,60.0,100.0,0.0,0.0
FLORIDA,2015,37,0.0,0.0,2.0,6.0,8.0,0.0,0.0,2.0,0.0,3.0,28.915325,-81.922409
UNITED STATES,2015,37,1.0,1.0,110.0,516.0,1008.0,2.0,1.0,51.0,339.0,692.0,0.0,0.0
MASSACHUSETTS,2015,37,0.0,0.0,1.0,2.0,3.0,0.0,0.0,1.0,1.0,1.0,42.268546,-72.085064
W.S. CENTRAL,2015,37,0.0,1.0,24.0,134.0,270.0,1.0,0.0,13.0,64.0,173.0,0.0,0.0
WASHINGTON,2015,37,0.0,0.0,2.0,7.0,5.0,0.0,0.0,3.0,14.0,4.0,47.517368,-120.467672
ARIZONA,2015,37,0.0,0.0,7.0,36.0,51.0,0.0,0.0,5.0,20.0,11.0,34.869712,-111.760902
MINNESOTA,2015,37,0.0,0.0,0.0,0.0,6.0,0.0,0.0,1.0,3.0,14.0,44.943719,-93.094281
DELAWARE,2015,37,0.0,0.0,0.0,0.0,0.0,0.0,0.0,1.0,1.0,0.0,39.008676,-75.574561
MICHIGAN,2015,37,0.0,0.0,2.0,7.0,1.0,0.0,0.0,0.0,0.0,0.0,44.66399,-84.711206
PACIFIC,2015,37,0.0,0.0,61.0,100.0,405.0,0.0,0.0,24.0,71.0,184.0,0.0,0.0
NEW MEXICO,2015,37,0.0,0.0,5.0,8.0,12.0,0.0,0.0,0.0,0.0,5.0,34.520396,-106.244402
MID. ATLANTIC,2015,37,0.0,0.0,8.0,32.0,30.0,0.0,0.0,6.0,14.0,10.0,0.0,0.0
TEXAS,2015,37,0.0,1.0,18.0,89.0,207.0,0.0,0.0,9.0,39.0,109.0,31.827233,-99.423022
MISSISSIPPI,2015,37,0.0,0.0,5.0,18.0,22.0,0.0,0.0,2.0,9.0,14.0,32.738663,-89.537312
SOUTH DAKOTA,2015,37,0.0,0.0,3.0,8.0,12.0,0.0,0.0,6.0,23.0,41.0,44.35371,-100.373709
CALIFORNIA,2015,37,0.0,0.0,61.0,93.0,394.0,0.0,0.0,23.0,57.0,178.0,37.640735,-121.002435
DIST. OF COL.,2015,37,0.0,0.0,1.0,1.0,1.0,0.0,0.0,0.0,0.0,2.0,0.0,0.0
NEW JERSEY,2015,37,0.0,0.0,2.0,11.0,3.0,0.0,0.0,2.0,2.0,2.0,40.121601,-74.321404
IOWA,2015,37,0.0,0.0,1.0,0.0,4.0,0.0,0.0,2.0,4.0,9.0,42.46942,-93.815856
S. ATLANTIC,2015,37,1.0,0.0,8.0,34.0,29.0,1.0,0.0,4.0,22.0,8.0,0.0,0.0
MARYLAND,2015,37,1.0,0.0,4.0,13.0,4.0,1.0,0.0,4.0,16.0,0.0,39.290443,-76.612333
NEW ENGLAND,2015,37,0.0,0.0,2.0,4.0,5.0,0.0,0.0,2.0,2.0,3.0,0.0,0.0
MISSOURI,2015,37,0.0,0.0,5.0,13.0,7.0,0.0,0.0,2.0,3.0,3.0,38.636168,-92.566292
NORTH DAKOTA,2015,37,0.0,0.0,4.0,7.0,12.0,0.0,0.0,2.0,7.0,10.0,47.475879,-100.121011
COLORADO,2015,37,0.0,0.0,10.0,40.0,38.0,0.0,0.0,11.0,30.0,62.0,38.841772,-106.132562
WISCONSIN,2015,37,0.0,0.0,1.0,0.0,2.0,0.0,0.0,1.0,3.0,3.0,44.395526,-89.834513
ARKANSAS,2015,37,0.0,0.0,2.0,9.0,4.0,0.0,0.0,1.0,1.0,1.0,34.748745,-92.275105
E.N. CENTRAL,2015,37,0.0,0.0,9.0,48.0,46.0,0.0,0.0,5.0,20.0,11.0,0.0,0.0
OHIO,2015,37,0.0,0.0,4.0,18.0,8.0,0.0,0.0,2.0,6.0,1.0,40.056807,-82.405897
UTAH,2015,37,0.0,0.0,1.0,2.0,0.0,0.0,0.0,1.0,1.0,1.0,39.359772,-111.584173
KANSAS,2015,37,0.0,0.0,2.0,5.0,13.0,0.0,0.0,6.0,7.0,26.0,38.345528,-98.201847
NEW YORK,2015,37,0.0,0.0,1.0,2.0,6.0,0.0,0.0,1.0,2.0,3.0,42.826892,-75.544286
OKLAHOMA,2015,37,0.0,0.0,4.0,16.0,5.0,1.0,0.0,5.0,22.0,8.0,35.468494,-97.521264
PENNSYLVANIA,2015,38,0.0,0.0,6.0,23.0,11.0,0.0,0.0,5.0,21.0,2.0,40.789676,-77.858055
ILLINOIS,2015,38,0.0,0.0,8.0,36.0,33.0,0.0,0.0,6.0,16.0,6.0,40.477092,-88.993221
UTAH,2015,38,0.0,0.0,2.0,4.0,1.0,0.0,0.0,2.0,2.0,1.0,39.359772,-111.584173
UNITED STATES,2015,38,0.0,2.0,188.0,1105.0,1118.0,0.0,1.0,106.0,715.0,743.0,0.0,0.0
IOWA,2015,38,0.0,0.0,1.0,1.0,4.0,0.0,0.0,4.0,7.0,9.0,42.46942,-93.815856
S. ATLANTIC,2015,38,0.0,0.0,15.0,74.0,31.0,0.0,0.0,9.0,43.0,8.0,0.0,0.0
FLORIDA,2015,38,0.0,0.0,4.0,12.0,9.0,0.0,0.0,2.0,0.0,3.0,28.915325,-81.922409
MICHIGAN,2015,38,0.0,0.0,4.0,14.0,1.0,0.0,0.0,0.0,0.0,0.0,44.66399,-84.711206
ARIZONA,2015,38,0.0,0.0,14.0,72.0,56.0,0.0,0.0,10.0,40.0,14.0,34.869712,-111.760902
IDAHO,2015,38,0.0,0.0,2.0,8.0,6.0,0.0,0.0,2.0,6.0,13.0,43.680635,-114.364237
WASHINGTON,2015,38,0.0,0.0,4.0,14.0,6.0,0.0,0.0,6.0,29.0,5.0,47.517368,-120.467672
MID. ATLANTIC,2015,38,0.0,0.0,16.0,65.0,33.0,0.0,0.0,12.0,32.0,10.0,0.0,0.0
PACIFIC,2015,38,0.0,0.0,61.0,230.0,448.0,0.0,0.0,28.0,152.0,208.0,0.0,0.0
NEVADA,2015,38,0.0,0.0,6.0,8.0,3.0,0.0,0.0,4.0,6.0,0.0,39.491833,-117.070159
NEW JERSEY,2015,38,0.0,0.0,4.0,22.0,3.0,0.0,0.0,4.0,5.0,2.0,40.121601,-74.321404
CONNECTICUT,2015,38,0.0,0.0,2.0,5.0,3.0,0.0,0.0,2.0,3.0,2.0,41.544654,-72.651713
OKLAHOMA,2015,38,0.0,0.0,9.0,39.0,7.0,0.0,0.0,10.0,47.0,8.0,35.468494,-97.521264
LOUISIANA,2015,38,0.0,0.0,10.0,40.0,58.0,0.0,0.0,4.0,4.0,56.0,31.31111,-92.445
INDIANA,2015,38,0.0,0.0,6.0,16.0,9.0,0.0,0.0,2.0,8.0,1.0,39.76845,-86.156212
MASSACHUSETTS,2015,38,0.0,0.0,2.0,4.0,4.0,0.0,0.0,2.0,2.0,1.0,42.268546,-72.085064
DELAWARE,2015,38,0.0,0.0,0.0,0.0,0.0,0.0,0.0,2.0,2.0,0.0,39.008676,-75.574561
NEW MEXICO,2015,38,0.0,0.0,4.0,16.0,17.0,0.0,0.0,0.0,0.0,5.0,34.520396,-106.244402
NEBRASKA,2015,38,0.0,0.0,6.0,25.0,38.0,0.0,0.0,14.0,65.0,86.0,41.640503,-99.367122
COLORADO,2015,38,0.0,0.0,20.0,80.0,41.0,0.0,0.0,22.0,60.0,65.0,38.841772,-106.132562
MISSISSIPPI,2015,38,0.0,0.0,10.0,37.0,24.0,0.0,0.0,4.0,18.0,14.0,32.738663,-89.537312
VIRGINIA,2015,38,0.0,0.0,6.0,12.0,5.0,0.0,0.0,4.0,8.0,2.0,37.542699,-78.45822
MOUNTAIN,2015,38,0.0,0.0,28.0,194.0,126.0,0.0,0.0,28.0,120.0,106.0,0.0,0.0
OHIO,2015,38,0.0,0.0,8.0,36.0,9.0,0.0,0.0,4.0,14.0,1.0,40.056807,-82.405897
E.N. CENTRAL,2015,38,0.0,0.0,20.0,102.0,55.0,0.0,0.0,10.0,44.0,11.0,0.0,0.0
NEW ENGLAND,2015,38,0.0,0.0,3.0,10.0,7.0,0.0,0.0,4.0,5.0,3.0,0.0,0.0
NEW YORK CITY,2015,38,0.0,0.0,6.0,16.0,12.0,0.0,0.0,2.0,2.0,3.0,0.0,0.0
MINNESOTA,2015,38,0.0,0.0,0.0,0.0,6.0,0.0,0.0,2.0,6.0,14.0,44.943719,-93.094281
GEORGIA,2015,38,0.0,0.0,4.0,11.0,10.0,0.0,0.0,2.0,2.0,1.0,32.836038,-83.631709
NORTH CAROLINA,2015,38,0.0,0.0,2.0,6.0,0.0,0.0,0.0,0.0,0.0,0.0,35.47995,-79.180571
DIST. OF COL.,2015,38,0.0,0.0,2.0,2.0,1.0,0.0,0.0,0.0,0.0,2.0,0.0,0.0
KANSAS,2015,38,0.0,0.0,4.0,11.0,15.0,0.0,0.0,4.0,18.0,32.0,38.345528,-98.201847
WYOMING,2015,38,0.0,0.0,4.0,4.0,0.0,0.0,0.0,2.0,4.0,5.0,43.23558,-108.110518
MARYLAND,2015,38,0.0,0.0,11.0,31.0,4.0,0.0,0.0,7.0,31.0,0.0,39.290443,-76.612333
W.S. CENTRAL,2015,38,0.0,1.0,52.0,292.0,291.0,0.0,0.0,25.0,133.0,180.0,0.0,0.0
W.N. CENTRAL,2015,38,0.0,0.0,20.0,93.0,94.0,0.0,0.0,29.0,163.0,197.0,0.0,0.0
TEXAS,2015,38,0.0,1.0,36.0,192.0,222.0,0.0,0.0,18.0,80.0,115.0,31.827233,-99.423022
E.S. CENTRAL,2015,38,0.0,0.0,10.0,45.0,33.0,0.0,0.0,6.0,23.0,20.0,0.0,0.0
ARKANSAS,2015,38,0.0,0.0,4.0,21.0,4.0,0.0,0.0,2.0,2.0,1.0,34.748745,-92.275105
SOUTH DAKOTA,2015,38,0.0,0.0,6.0,16.0,12.0,0.0,0.0,12.0,46.0,43.0,44.35371,-100.373709
MAINE,2015,38,0.0,0.0,1.0,1.0,0.0,0.0,0.0,0.0,0.0,0.0,45.252223,-68.986647
ALABAMA,2015,38,0.0,0.0,4.0,4.0,0.0,0.0,0.0,2.0,3.0,1.0,32.839182,-86.631125
NORTH DAKOTA,2015,38,0.0,0.0,8.0,14.0,12.0,0.0,0.0,4.0,15.0,10.0,47.475879,-100.121011
TENNESSEE,2015,38,0.0,0.0,2.0,4.0,9.0,0.0,0.0,2.0,2.0,4.0,35.681402,-85.774444
NEW YORK,2015,38,0.0,0.0,2.0,4.0,7.0,0.0,0.0,2.0,4.0,3.0,42.826892,-75.544286
CALIFORNIA,2015,38,0.0,0.0,61.0,216.0,435.0,0.0,0.0,24.0,123.0,201.0,37.640735,-121.002435
MISSOURI,2015,38,0.0,0.0,10.0,26.0,7.0,0.0,0.0,4.0,6.0,3.0,38.636168,-92.566292
WISCONSIN,2015,38,0.0,0.0,0.0,0.0,3.0,0.0,0.0,2.0,6.0,3.0,44.395526,-89.834513
MONTANA,2015,38,0.0,0.0,2.0,2.0,2.0,0.0,0.0,2.0,2.0,3.0,47.062617,-109.430168
ALABAMA,2015,39,0.0,0.0,2.0,2.0,0.0,0.0,0.0,1.0,4.0,2.0,32.839182,-86.631125
NORTH CAROLINA,2015,39,0.0,0.0,1.0,3.0,0.0,0.0,0.0,0.0,0.0,0.0,35.47995,-79.180571
MOUNTAIN,2015,39,0.0,0.0,14.0,105.0,135.0,0.0,0.0,15.0,71.0,110.0,0.0,0.0
MID. ATLANTIC,2015,39,0.0,0.0,8.0,38.0,35.0,0.0,0.0,6.0,22.0,10.0,0.0,0.0
MICHIGAN,2015,39,0.0,0.0,4.0,13.0,1.0,0.0,0.0,0.0,0.0,0.0,44.66399,-84.711206
WISCONSIN,2015,39,0.0,0.0,2.0,2.0,3.0,0.0,0.0,1.0,3.0,3.0,44.395526,-89.834513
MONTANA,2015,39,0.0,0.0,1.0,1.0,2.0,0.0,0.0,1.0,1.0,3.0,47.062617,-109.430168
NEBRASKA,2015,39,0.0,0.0,3.0,14.0,39.0,0.0,0.0,8.0,39.0,90.0,41.640503,-99.367122
NORTH DAKOTA,2015,39,0.0,0.0,4.0,7.0,12.0,0.0,0.0,2.0,11.0,10.0,47.475879,-100.121011
LOUISIANA,2015,39,0.0,0.0,5.0,34.0,60.0,0.0,0.0,2.0,7.0,60.0,31.31111,-92.445
MISSOURI,2015,39,0.0,0.0,5.0,14.0,8.0,0.0,0.0,2.0,6.0,3.0,38.636168,-92.566292
FLORIDA,2015,39,0.0,0.0,2.0,8.0,9.0,0.0,0.0,0.0,0.0,5.0,28.915325,-81.922409
NEW YORK CITY,2015,39,0.0,0.0,3.0,8.0,12.0,0.0,0.0,1.0,1.0,3.0,0.0,0.0
VIRGINIA,2015,39,0.0,0.0,4.0,10.0,5.0,0.0,0.0,2.0,6.0,2.0,37.542699,-78.45822
E.S. CENTRAL,2015,39,0.0,0.0,5.0,28.0,36.0,0.0,0.0,3.0,16.0,21.0,0.0,0.0
NEW JERSEY,2015,39,0.0,0.0,3.0,14.0,5.0,0.0,0.0,2.0,3.0,2.0,40.121601,-74.321404
E.N. CENTRAL,2015,39,0.0,0.0,18.0,71.0,58.0,0.0,0.0,7.0,33.0,13.0,0.0,0.0
MARYLAND,2015,39,0.0,0.0,7.0,19.0,6.0,0.0,0.0,4.0,16.0,0.0,39.290443,-76.612333
IOWA,2015,39,0.0,0.0,0.0,0.0,5.0,0.0,0.0,2.0,6.0,9.0,42.46942,-93.815856
COLORADO,2015,39,0.0,0.0,10.0,47.0,42.0,0.0,0.0,12.0,36.0,68.0,38.841772,-106.132562
WASHINGTON,2015,39,0.0,0.0,2.0,7.0,6.0,0.0,0.0,3.0,16.0,5.0,47.517368,-120.467672
INDIANA,2015,39,0.0,0.0,3.0,10.0,9.0,0.0,0.0,1.0,5.0,1.0,39.76845,-86.156212
IDAHO,2015,39,0.0,0.0,1.0,5.0,6.0,0.0,0.0,3.0,8.0,13.0,43.680635,-114.364237
PENNSYLVANIA,2015,39,0.0,0.0,3.0,13.0,11.0,0.0,0.0,4.0,13.0,2.0,40.789676,-77.858055
ILLINOIS,2015,39,0.0,0.0,9.0,26.0,35.0,0.0,0.0,4.0,17.0,8.0,40.477092,-88.993221
W.N. CENTRAL,2015,39,0.0,0.0,11.0,56.0,99.0,0.0,0.0,18.0,101.0,205.0,0.0,0.0
CONNECTICUT,2015,39,0.0,0.0,1.0,3.0,3.0,0.0,0.0,1.0,2.0,2.0,41.544654,-72.651713
MASSACHUSETTS,2015,39,0.0,0.0,2.0,4.0,4.0,0.0,0.0,1.0,1.0,1.0,42.268546,-72.085064
S. ATLANTIC,2015,39,0.0,0.0,9.0,48.0,33.0,0.0,0.0,5.0,24.0,10.0,0.0,0.0
ARKANSAS,2015,39,0.0,0.0,2.0,12.0,5.0,0.0,0.0,1.0,1.0,1.0,34.748745,-92.275105
NEVADA,2015,39,0.0,0.0,3.0,4.0,3.0,0.0,0.0,2.0,3.0,0.0,39.491833,-117.070159
W.S. CENTRAL,2015,39,0.0,1.0,31.0,193.0,304.0,0.0,0.0,17.0,94.0,190.0,0.0,0.0
WYOMING,2015,39,0.0,0.0,2.0,2.0,0.0,0.0,0.0,1.0,2.0,5.0,43.23558,-108.110518
MAINE,2015,39,0.0,0.0,1.0,1.0,0.0,0.0,0.0,0.0,0.0,0.0,45.252223,-68.986647
TENNESSEE,2015,39,0.0,0.0,1.0,2.0,11.0,0.0,0.0,1.0,1.0,4.0,35.681402,-85.774444
PACIFIC,2015,39,0.0,0.0,30.0,161.0,509.0,0.0,0.0,16.0,90.0,228.0,0.0,0.0
ARIZONA,2015,39,0.0,0.0,7.0,36.0,63.0,0.0,0.0,5.0,20.0,15.0,34.869712,-111.760902
MISSISSIPPI,2015,39,0.0,0.0,5.0,24.0,25.0,0.0,0.0,2.0,11.0,14.0,32.738663,-89.537312
DELAWARE,2015,39,0.0,0.0,0.0,0.0,0.0,0.0,0.0,1.0,1.0,0.0,39.008676,-75.574561
CALIFORNIA,2015,39,0.0,0.0,30.0,154.0,496.0,0.0,0.0,14.0,74.0,221.0,37.640735,-121.002435
DIST. OF COL.,2015,39,0.0,0.0,1.0,1.0,1.0,0.0,0.0,0.0,0.0,2.0,0.0,0.0
OKLAHOMA,2015,39,0.0,0.0,6.0,25.0,7.0,0.0,0.0,7.0,33.0,9.0,35.468494,-97.521264
NEW ENGLAND,2015,39,0.0,0.0,3.0,8.0,7.0,0.0,0.0,2.0,3.0,3.0,0.0,0.0
UNITED STATES,2015,39,0.0,1.0,103.0,708.0,1216.0,0.0,1.0,63.0,454.0,790.0,0.0,0.0
UTAH,2015,39,0.0,0.0,1.0,2.0,1.0,0.0,0.0,1.0,1.0,1.0,39.359772,-111.584173
SOUTH DAKOTA,2015,39,0.0,0.0,3.0,11.0,12.0,0.0,0.0,6.0,24.0,45.0,44.35371,-100.373709
OHIO,2015,39,0.0,0.0,4.0,20.0,10.0,0.0,0.0,2.0,8.0,1.0,40.056807,-82.405897
MINNESOTA,2015,39,0.0,0.0,1.0,1.0,6.0,0.0,0.0,1.0,4.0,14.0,44.943719,-93.094281
NEW YORK,2015,39,0.0,0.0,1.0,3.0,7.0,0.0,0.0,2.0,5.0,3.0,42.826892,-75.544286
GEORGIA,2015,39,0.0,0.0,3.0,7.0,10.0,0.0,0.0,1.0,1.0,1.0,32.836038,-83.631709
NEW MEXICO,2015,39,0.0,0.0,2.0,8.0,18.0,0.0,0.0,0.0,0.0,5.0,34.520396,-106.244402
KANSAS,2015,39,0.0,0.0,3.0,9.0,17.0,0.0,0.0,3.0,11.0,34.0,38.345528,-98.201847
TEXAS,2015,39,0.0,0.0,20.0,122.0,232.0,0.0,0.0,11.0,53.0,120.0,31.827233,-99.423022
OHIO,2015,40,0.0,0.0,4.0,21.0,10.0,0.0,0.0,2.0,8.0,1.0,40.056807,-82.405897
NORTH CAROLINA,2015,40,0.0,0.0,1.0,3.0,0.0,0.0,0.0,0.0,0.0,0.0,35.47995,-79.180571
W.S. CENTRAL,2015,40,0.0,1.0,32.0,212.0,312.0,0.0,0.0,17.0,94.0,194.0,0.0,0.0
E.S. CENTRAL,2015,40,0.0,0.0,5.0,28.0,36.0,0.0,0.0,3.0,17.0,21.0,0.0,0.0
KANSAS,2015,40,0.0,0.0,3.0,9.0,17.0,0.0,0.0,4.0,15.0,34.0,38.345528,-98.201847
WYOMING,2015,40,0.0,0.0,2.0,2.0,0.0,0.0,0.0,1.0,2.0,5.0,43.23558,-108.110518
NEW YORK,2015,40,0.0,0.0,2.0,7.0,7.0,0.0,0.0,1.0,6.0,4.0,42.826892,-75.544286
TENNESSEE,2015,40,0.0,0.0,1.0,2.0,11.0,0.0,0.0,1.0,1.0,4.0,35.681402,-85.774444
IOWA,2015,40,0.0,0.0,1.0,2.0,5.0,0.0,0.0,2.0,5.0,10.0,42.46942,-93.815856
VIRGINIA,2015,40,0.0,0.0,4.0,12.0,5.0,0.0,0.0,2.0,6.0,2.0,37.542699,-78.45822
NEW ENGLAND,2015,40,0.0,0.0,3.0,8.0,8.0,0.0,0.0,2.0,3.0,3.0,0.0,0.0
NEW MEXICO,2015,40,0.0,0.0,2.0,10.0,19.0,0.0,0.0,1.0,1.0,5.0,34.520396,-106.244402
MINNESOTA,2015,40,0.0,0.0,1.0,1.0,6.0,0.0,0.0,1.0,4.0,14.0,44.943719,-93.094281
DELAWARE,2015,40,0.0,0.0,0.0,0.0,0.0,0.0,0.0,1.0,1.0,0.0,39.008676,-75.574561
ARIZONA,2015,40,0.0,0.0,7.0,38.0,69.0,0.0,0.0,5.0,20.0,20.0,34.869712,-111.760902
NEW YORK CITY,2015,40,0.0,0.0,3.0,8.0,12.0,0.0,0.0,1.0,1.0,3.0,0.0,0.0
FLORIDA,2015,40,0.0,0.0,2.0,8.0,10.0,0.0,0.0,0.0,0.0,5.0,28.915325,-81.922409
UTAH,2015,40,0.0,0.0,2.0,3.0,1.0,0.0,0.0,2.0,2.0,1.0,39.359772,-111.584173
MARYLAND,2015,40,0.0,0.0,7.0,22.0,6.0,0.0,0.0,3.0,16.0,0.0,39.290443,-76.612333
PENNSYLVANIA,2015,40,0.0,0.0,3.0,15.0,11.0,0.0,0.0,4.0,13.0,2.0,40.789676,-77.858055
INDIANA,2015,40,0.0,0.0,3.0,10.0,9.0,0.0,0.0,1.0,5.0,1.0,39.76845,-86.156212
ILLINOIS,2015,40,0.0,0.0,11.0,32.0,35.0,0.0,0.0,6.0,20.0,8.0,40.477092,-88.993221
S. ATLANTIC,2015,40,0.0,0.0,9.0,54.0,34.0,0.0,0.0,4.0,24.0,10.0,0.0,0.0
TEXAS,2015,40,0.0,0.0,21.0,132.0,237.0,0.0,0.0,11.0,53.0,122.0,31.827233,-99.423022
LOUISIANA,2015,40,0.0,0.0,5.0,35.0,61.0,0.0,0.0,2.0,7.0,61.0,31.31111,-92.445
WISCONSIN,2015,40,0.0,0.0,2.0,2.0,3.0,0.0,0.0,1.0,4.0,3.0,44.395526,-89.834513
MICHIGAN,2015,40,0.0,0.0,4.0,15.0,1.0,0.0,0.0,1.0,1.0,0.0,44.66399,-84.711206
CALIFORNIA,2015,40,0.0,0.0,31.0,186.0,522.0,0.0,0.0,14.0,93.0,227.0,37.640735,-121.002435
NEBRASKA,2015,40,0.0,0.0,3.0,15.0,41.0,0.0,0.0,8.0,42.0,95.0,41.640503,-99.367122
ALABAMA,2015,40,0.0,0.0,2.0,2.0,0.0,0.0,0.0,1.0,4.0,2.0,32.839182,-86.631125
PACIFIC,2015,40,0.0,0.0,31.0,193.0,535.0,0.0,0.0,16.0,109.0,234.0,0.0,0.0
ARKANSAS,2015,40,0.0,0.0,2.0,14.0,6.0,0.0,0.0,1.0,1.0,2.0,34.748745,-92.275105
MAINE,2015,40,0.0,0.0,1.0,1.0,0.0,0.0,0.0,0.0,0.0,0.0,45.252223,-68.986647
MOUNTAIN,2015,40,0.0,0.0,16.0,111.0,144.0,0.0,0.0,16.0,73.0,118.0,0.0,0.0
MONTANA,2015,40,0.0,0.0,1.0,2.0,2.0,0.0,0.0,1.0,1.0,3.0,47.062617,-109.430168
UNITED STATES,2015,40,0.0,1.0,114.0,789.0,1265.0,0.0,1.0,64.0,491.0,815.0,0.0,0.0
COLORADO,2015,40,0.0,0.0,10.0,47.0,44.0,0.0,0.0,12.0,36.0,71.0,38.841772,-106.132562
CONNECTICUT,2015,40,0.0,0.0,1.0,3.0,3.0,0.0,0.0,1.0,2.0,2.0,41.544654,-72.651713
OKLAHOMA,2015,40,0.0,0.0,6.0,31.0,8.0,0.0,0.0,7.0,33.0,9.0,35.468494,-97.521264
MASSACHUSETTS,2015,40,0.0,0.0,2.0,4.0,5.0,0.0,0.0,1.0,1.0,1.0,42.268546,-72.085064
W.N. CENTRAL,2015,40,0.0,0.0,11.0,59.0,103.0,0.0,0.0,19.0,110.0,211.0,0.0,0.0
SOUTH DAKOTA,2015,40,0.0,0.0,3.0,11.0,12.0,0.0,0.0,6.0,26.0,45.0,44.35371,-100.373709
DIST. OF COL.,2015,40,0.0,0.0,1.0,1.0,1.0,0.0,0.0,0.0,0.0,2.0,0.0,0.0
MISSISSIPPI,2015,40,0.0,0.0,5.0,24.0,25.0,0.0,0.0,2.0,12.0,14.0,32.738663,-89.537312
IDAHO,2015,40,0.0,0.0,1.0,5.0,6.0,0.0,0.0,3.0,8.0,13.0,43.680635,-114.364237
MISSOURI,2015,40,0.0,0.0,5.0,14.0,10.0,0.0,0.0,2.0,7.0,3.0,38.636168,-92.566292
NORTH DAKOTA,2015,40,0.0,0.0,4.0,7.0,12.0,0.0,0.0,2.0,11.0,10.0,47.475879,-100.121011
NEW JERSEY,2015,40,0.0,0.0,3.0,14.0,5.0,0.0,0.0,2.0,3.0,2.0,40.121601,-74.321404
MID. ATLANTIC,2015,40,0.0,0.0,8.0,44.0,35.0,0.0,0.0,6.0,23.0,11.0,0.0,0.0
E.N. CENTRAL,2015,40,0.0,0.0,20.0,80.0,58.0,0.0,0.0,9.0,38.0,13.0,0.0,0.0
WASHINGTON,2015,40,0.0,0.0,2.0,7.0,6.0,0.0,0.0,3.0,16.0,5.0,47.517368,-120.467672
GEORGIA,2015,40,0.0,0.0,3.0,8.0,10.0,0.0,0.0,1.0,1.0,1.0,32.836038,-83.631709
NEVADA,2015,40,0.0,0.0,3.0,4.0,3.0,0.0,0.0,2.0,3.0,0.0,39.491833,-117.070159
WASHINGTON,2015,41,0.0,0.0,2.0,8.0,6.0,0.0,0.0,3.0,16.0,5.0,47.517368,-120.467672
PENNSYLVANIA,2015,41,0.0,0.0,3.0,15.0,11.0,0.0,0.0,4.0,13.0,2.0,40.789676,-77.858055
VIRGINIA,2015,41,0.0,0.0,4.0,12.0,5.0,0.0,0.0,2.0,6.0,2.0,37.542699,-78.45822
ARKANSAS,2015,41,0.0,0.0,2.0,14.0,8.0,0.0,0.0,1.0,1.0,2.0,34.748745,-92.275105
MISSOURI,2015,41,0.0,0.0,5.0,15.0,10.0,0.0,0.0,2.0,9.0,3.0,38.636168,-92.566292
OHIO,2015,41,0.0,0.0,4.0,22.0,10.0,0.0,0.0,2.0,9.0,1.0,40.056807,-82.405897
NEVADA,2015,41,0.0,0.0,3.0,4.0,3.0,0.0,0.0,2.0,3.0,0.0,39.491833,-117.070159
PACIFIC,2015,41,0.0,0.0,36.0,255.0,545.0,0.0,0.0,16.0,118.0,239.0,0.0,0.0
S. ATLANTIC,2015,41,0.0,0.0,10.0,57.0,35.0,0.0,0.0,6.0,26.0,10.0,0.0,0.0
WISCONSIN,2015,41,0.0,0.0,2.0,3.0,3.0,0.0,0.0,1.0,4.0,3.0,44.395526,-89.834513
TEXAS,2015,41,0.0,0.0,21.0,148.0,239.0,0.0,0.0,12.0,59.0,123.0,31.827233,-99.423022
MISSISSIPPI,2015,41,1.0,0.0,5.0,25.0,25.0,0.0,0.0,3.0,13.0,16.0,32.738663,-89.537312
NEW JERSEY,2015,41,0.0,0.0,3.0,14.0,5.0,0.0,0.0,2.0,3.0,2.0,40.104655,-74.386686
MASSACHUSETTS,2015,41,0.0,0.0,2.0,6.0,5.0,0.0,0.0,2.0,3.0,1.0,42.268546,-72.085064
WYOMING,2015,41,0.0,0.0,2.0,2.0,0.0,0.0,0.0,1.0,2.0,5.0,43.23558,-108.110518
E.N. CENTRAL,2015,41,0.0,0.0,20.0,88.0,58.0,0.0,0.0,8.0,40.0,13.0,0.0,0.0
NEW ENGLAND,2015,41,0.0,0.0,3.0,13.0,8.0,0.0,0.0,2.0,5.0,4.0,0.0,0.0
IDAHO,2015,41,0.0,0.0,1.0,5.0,6.0,0.0,0.0,3.0,8.0,13.0,43.680635,-114.364237
ALABAMA,2015,41,0.0,0.0,2.0,2.0,0.0,0.0,0.0,2.0,5.0,2.0,32.839182,-86.631125
MARYLAND,2015,41,0.0,0.0,7.0,24.0,6.0,0.0,0.0,4.0,17.0,0.0,39.290443,-76.612333
IOWA,2015,41,0.0,0.0,1.0,2.0,5.0,0.0,0.0,2.0,7.0,10.0,42.46942,-93.815856
DELAWARE,2015,41,0.0,0.0,0.0,0.0,0.0,0.0,0.0,1.0,1.0,0.0,39.008676,-75.574561
FLORIDA,2015,41,0.0,0.0,2.0,9.0,11.0,0.0,0.0,0.0,0.0,5.0,28.915325,-81.922409
UNITED STATES,2015,41,1.0,1.0,125.0,894.0,1288.0,0.0,1.0,69.0,529.0,831.0,0.0,0.0
NEW MEXICO,2015,41,0.0,0.0,2.0,10.0,19.0,0.0,0.0,1.0,2.0,5.0,34.520396,-106.244402
MONTANA,2015,41,0.0,0.0,1.0,2.0,2.0,0.0,0.0,1.0,1.0,3.0,47.062617,-109.430168
MICHIGAN,2015,41,0.0,0.0,4.0,15.0,1.0,0.0,0.0,1.0,1.0,0.0,44.66399,-84.711206
MID. ATLANTIC,2015,41,0.0,0.0,8.0,45.0,35.0,0.0,0.0,6.0,23.0,11.0,0.0,0.0
E.S. CENTRAL,2015,41,1.0,0.0,5.0,29.0,37.0,0.0,0.0,3.0,19.0,23.0,0.0,0.0
W.S. CENTRAL,2015,41,0.0,0.0,32.0,229.0,316.0,0.0,0.0,17.0,100.0,196.0,0.0,0.0
INDIANA,2015,41,0.0,0.0,3.0,13.0,9.0,0.0,0.0,1.0,4.0,1.0,39.76845,-86.156212
NORTH DAKOTA,2015,41,0.0,0.0,4.0,10.0,12.0,0.0,0.0,2.0,13.0,10.0,47.475879,-100.121011
NORTH CAROLINA,2015,41,0.0,0.0,1.0,3.0,0.0,0.0,0.0,0.0,0.0,0.0,35.47995,-79.180571
UTAH,2015,41,0.0,0.0,2.0,3.0,1.0,0.0,0.0,2.0,2.0,1.0,39.359772,-111.584173
COLORADO,2015,41,0.0,0.0,10.0,47.0,46.0,0.0,0.0,12.0,36.0,72.0,38.841772,-106.132562
TENNESSEE,2015,41,0.0,0.0,1.0,2.0,12.0,0.0,0.0,1.0,1.0,4.0,35.681402,-85.774444
OKLAHOMA,2015,41,0.0,0.0,6.0,31.0,8.0,0.0,0.0,7.0,33.0,9.0,35.468494,-97.521264
ARIZONA,2015,41,0.0,0.0,8.0,41.0,74.0,0.0,0.0,5.0,22.0,20.0,34.869712,-111.760902
MINNESOTA,2015,41,0.0,0.0,1.0,1.0,6.0,0.0,0.0,1.0,4.0,15.0,44.943719,-93.094281
MAINE,2015,41,0.0,0.0,1.0,1.0,0.0,0.0,0.0,0.0,0.0,0.0,45.252223,-68.986647
GEORGIA,2015,41,0.0,0.0,3.0,8.0,10.0,0.0,0.0,1.0,2.0,1.0,32.836038,-83.631709
W.N. CENTRAL,2015,41,0.0,0.0,11.0,64.0,103.0,0.0,0.0,21.0,122.0,216.0,0.0,0.0
NEBRASKA,2015,41,0.0,0.0,3.0,16.0,41.0,0.0,0.0,8.0,44.0,98.0,41.640503,-99.367122
DIST. OF COL.,2015,41,0.0,0.0,1.0,1.0,1.0,0.0,0.0,0.0,0.0,2.0,0.0,0.0
CONNECTICUT,2015,41,0.0,0.0,1.0,6.0,3.0,0.0,0.0,1.0,2.0,3.0,41.544654,-72.651713
KANSAS,2015,41,0.0,0.0,3.0,9.0,17.0,0.0,0.0,5.0,17.0,35.0,38.345528,-98.201847
ILLINOIS,2015,41,0.0,0.0,11.0,35.0,35.0,0.0,0.0,6.0,22.0,8.0,40.477092,-88.993221
NEW YORK CITY,2015,41,0.0,0.0,3.0,8.0,12.0,0.0,0.0,1.0,1.0,3.0,0.0,0.0
NEW YORK,2015,41,0.0,0.0,3.0,8.0,7.0,0.0,0.0,1.0,6.0,4.0,42.826892,-75.544286
MOUNTAIN,2015,41,0.0,0.0,18.0,114.0,151.0,0.0,0.0,18.0,76.0,119.0,0.0,0.0
CALIFORNIA,2015,41,0.0,0.0,36.0,247.0,532.0,0.0,0.0,14.0,102.0,232.0,37.640735,-121.002435
SOUTH DAKOTA,2015,41,0.0,0.0,3.0,11.0,12.0,0.0,0.0,7.0,28.0,45.0,44.35371,-100.373709
LOUISIANA,2015,41,0.0,0.0,5.0,36.0,61.0,0.0,0.0,2.0,7.0,62.0,31.2931,-92.463284
TEXAS,2015,42,0.0,0.0,21.0,152.0,240.0,0.0,0.0,12.0,61.0,123.0,31.827233,-99.423022
W.N. CENTRAL,2015,42,0.0,0.0,11.0,66.0,104.0,0.0,0.0,21.0,126.0,217.0,0.0,0.0
IDAHO,2015,42,0.0,0.0,1.0,5.0,6.0,0.0,0.0,3.0,8.0,13.0,43.680635,-114.364237
IOWA,2015,42,0.0,0.0,1.0,2.0,5.0,0.0,0.0,2.0,7.0,10.0,42.46942,-93.815856
MISSISSIPPI,2015,42,0.0,0.0,5.0,25.0,26.0,0.0,0.0,3.0,13.0,16.0,32.738663,-89.537312
MICHIGAN,2015,42,0.0,0.0,4.0,16.0,1.0,0.0,0.0,1.0,2.0,0.0,44.66399,-84.711206
PACIFIC,2015,42,0.0,0.0,40.0,292.0,560.0,0.0,0.0,20.0,133.0,239.0,0.0,0.0
NEBRASKA,2015,42,0.0,0.0,3.0,16.0,41.0,0.0,0.0,8.0,46.0,99.0,41.640503,-99.367122
OKLAHOMA,2015,42,0.0,0.0,6.0,31.0,9.0,0.0,0.0,7.0,33.0,9.0,35.468494,-97.521264
E.S. CENTRAL,2015,42,0.0,0.0,5.0,29.0,38.0,0.0,0.0,3.0,19.0,23.0,0.0,0.0
MINNESOTA,2015,42,0.0,0.0,1.0,2.0,6.0,0.0,0.0,1.0,4.0,15.0,44.943719,-93.094281
NEW JERSEY,2015,42,0.0,0.0,3.0,15.0,5.0,0.0,0.0,2.0,3.0,2.0,40.104655,-74.386686
MONTANA,2015,42,0.0,0.0,1.0,2.0,2.0,0.0,0.0,1.0,1.0,3.0,47.062617,-109.430168
KANSAS,2015,42,0.0,0.0,3.0,9.0,18.0,0.0,0.0,5.0,17.0,35.0,38.345528,-98.201847
ARKANSAS,2015,42,0.0,0.0,2.0,15.0,9.0,0.0,0.0,1.0,2.0,2.0,34.748745,-92.275105
DELAWARE,2015,42,0.0,0.0,0.0,0.0,0.0,0.0,0.0,1.0,1.0,0.0,39.008676,-75.574561
MARYLAND,2015,42,0.0,0.0,7.0,25.0,6.0,0.0,0.0,4.0,16.0,0.0,39.290443,-76.612333
MASSACHUSETTS,2015,42,0.0,0.0,2.0,6.0,5.0,0.0,0.0,2.0,3.0,1.0,42.268546,-72.085064
MOUNTAIN,2015,42,0.0,0.0,19.0,131.0,152.0,0.0,0.0,18.0,83.0,122.0,0.0,0.0
E.N. CENTRAL,2015,42,0.0,0.0,20.0,91.0,59.0,0.0,0.0,8.0,43.0,13.0,0.0,0.0
NEW YORK CITY,2015,42,0.0,0.0,3.0,8.0,12.0,0.0,0.0,1.0,1.0,3.0,0.0,0.0
W.S. CENTRAL,2015,42,0.0,0.0,32.0,234.0,319.0,0.0,0.0,17.0,103.0,197.0,0.0,0.0
NEW YORK,2015,42,0.0,0.0,3.0,8.0,7.0,0.0,0.0,1.0,6.0,4.0,42.826892,-75.544286
CONNECTICUT,2015,42,0.0,0.0,2.0,7.0,3.0,0.0,0.0,1.0,2.0,3.0,41.544654,-72.651713
ILLINOIS,2015,42,0.0,0.0,11.0,36.0,36.0,0.0,0.0,6.0,22.0,8.0,40.477092,-88.993221
NEW MEXICO,2015,42,0.0,0.0,2.0,11.0,19.0,0.0,0.0,1.0,2.0,5.0,34.520396,-106.244402
DIST. OF COL.,2015,42,0.0,0.0,1.0,1.0,1.0,0.0,0.0,0.0,0.0,2.0,0.0,0.0
INDIANA,2015,42,0.0,0.0,3.0,13.0,9.0,0.0,0.0,1.0,5.0,1.0,39.76845,-86.156212
OHIO,2015,42,0.0,0.0,4.0,23.0,10.0,0.0,0.0,3.0,10.0,1.0,40.056807,-82.405897
NORTH CAROLINA,2015,42,0.0,0.0,1.0,3.0,0.0,0.0,0.0,0.0,0.0,0.0,35.47995,-79.180571
TENNESSEE,2015,42,0.0,0.0,1.0,2.0,12.0,0.0,0.0,1.0,1.0,4.0,35.681402,-85.774444
ALABAMA,2015,42,0.0,0.0,2.0,2.0,0.0,0.0,0.0,2.0,5.0,2.0,32.839182,-86.631125
NORTH DAKOTA,2015,42,0.0,0.0,4.0,10.0,12.0,0.0,0.0,2.0,13.0,10.0,47.475879,-100.121011
COLORADO,2015,42,0.0,0.0,10.0,52.0,46.0,0.0,0.0,12.0,38.0,72.0,38.841772,-106.132562
S. ATLANTIC,2015,42,0.0,0.0,10.0,58.0,35.0,0.0,0.0,6.0,26.0,11.0,0.0,0.0
WASHINGTON,2015,42,0.0,0.0,2.0,8.0,6.0,0.0,0.0,3.0,16.0,5.0,47.517368,-120.467672
VIRGINIA,2015,42,0.0,0.0,4.0,12.0,5.0,0.0,0.0,2.0,7.0,2.0,37.542699,-78.45822
LOUISIANA,2015,42,0.0,0.0,5.0,36.0,61.0,0.0,0.0,2.0,7.0,63.0,31.2931,-92.463284
SOUTH DAKOTA,2015,42,0.0,0.0,3.0,11.0,12.0,0.0,0.0,7.0,29.0,45.0,44.35371,-100.373709
UNITED STATES,2015,42,0.0,1.0,132.0,961.0,1310.0,0.0,1.0,73.0,562.0,837.0,0.0,0.0
MISSOURI,2015,42,0.0,0.0,5.0,16.0,10.0,0.0,0.0,2.0,10.0,3.0,38.636168,-92.566292
FLORIDA,2015,42,0.0,0.0,2.0,9.0,11.0,0.0,0.0,0.0,0.0,5.0,28.915325,-81.922409
MID. ATLANTIC,2015,42,0.0,0.0,8.0,46.0,35.0,0.0,0.0,6.0,24.0,11.0,0.0,0.0
MAINE,2015,42,0.0,0.0,1.0,1.0,0.0,0.0,0.0,0.0,0.0,0.0,45.252223,-68.986647
NEVADA,2015,42,0.0,0.0,3.0,4.0,3.0,0.0,0.0,2.0,3.0,0.0,39.491833,-117.070159
ARIZONA,2015,42,0.0,0.0,9.0,52.0,75.0,0.0,0.0,5.0,27.0,23.0,34.869712,-111.760902
UTAH,2015,42,0.0,0.0,2.0,3.0,1.0,0.0,0.0,2.0,2.0,1.0,39.359772,-111.584173
CALIFORNIA,2015,42,0.0,0.0,39.0,284.0,547.0,0.0,0.0,20.0,117.0,232.0,37.640735,-121.002435
WYOMING,2015,42,0.0,0.0,2.0,2.0,0.0,0.0,0.0,1.0,2.0,5.0,43.23558,-108.110518
PENNSYLVANIA,2015,42,0.0,0.0,3.0,15.0,11.0,0.0,0.0,4.0,14.0,2.0,40.789676,-77.858055
GEORGIA,2015,42,0.0,0.0,3.0,8.0,10.0,0.0,0.0,1.0,2.0,2.0,32.836038,-83.631709
NEW ENGLAND,2015,42,0.0,0.0,3.0,14.0,8.0,0.0,0.0,2.0,5.0,4.0,0.0,0.0
WISCONSIN,2015,42,0.0,0.0,2.0,3.0,3.0,0.0,0.0,1.0,4.0,3.0,44.395526,-89.834513
WASHINGTON,2015,43,0.0,0.0,2.0,8.0,6.0,0.0,0.0,3.0,16.0,5.0,47.517368,-120.467672
VIRGINIA,2015,43,0.0,0.0,4.0,12.0,5.0,0.0,0.0,2.0,7.0,2.0,37.542699,-78.45822
W.S. CENTRAL,2015,43,0.0,0.0,33.0,249.0,322.0,0.0,0.0,17.0,111.0,198.0,0.0,0.0
UTAH,2015,43,0.0,0.0,2.0,4.0,1.0,0.0,0.0,2.0,3.0,1.0,39.359772,-111.584173
WISCONSIN,2015,43,0.0,0.0,3.0,4.0,3.0,0.0,0.0,1.0,3.0,3.0,44.395526,-89.834513
DELAWARE,2015,43,0.0,0.0,0.0,0.0,0.0,0.0,0.0,1.0,1.0,0.0,39.008676,-75.574561
MASSACHUSETTS,2015,43,0.0,0.0,2.0,6.0,5.0,0.0,0.0,2.0,3.0,1.0,42.268546,-72.085064
ILLINOIS,2015,43,0.0,0.0,11.0,36.0,36.0,0.0,0.0,6.0,22.0,8.0,40.477092,-88.993221
KANSAS,2015,43,0.0,0.0,3.0,11.0,18.0,0.0,0.0,5.0,18.0,36.0,38.345528,-98.201847
IDAHO,2015,43,0.0,0.0,1.0,5.0,6.0,0.0,0.0,3.0,8.0,13.0,43.680635,-114.364237
MINNESOTA,2015,43,0.0,0.0,1.0,2.0,6.0,0.0,0.0,1.0,4.0,15.0,44.943719,-93.094281
MOUNTAIN,2015,43,0.0,0.0,19.0,132.0,155.0,0.0,0.0,18.0,84.0,122.0,0.0,0.0
INDIANA,2015,43,0.0,0.0,3.0,13.0,9.0,0.0,0.0,1.0,5.0,1.0,39.76845,-86.156212
MISSISSIPPI,2015,43,0.0,0.0,5.0,25.0,26.0,0.0,0.0,3.0,13.0,17.0,32.738663,-89.537312
TENNESSEE,2015,43,0.0,0.0,2.0,4.0,12.0,0.0,0.0,1.0,1.0,4.0,35.681402,-85.774444
TEXAS,2015,43,0.0,0.0,22.0,162.0,243.0,0.0,0.0,12.0,66.0,124.0,31.827233,-99.423022
NEVADA,2015,43,0.0,0.0,3.0,4.0,3.0,0.0,0.0,2.0,3.0,0.0,39.491833,-117.070159
ALABAMA,2015,43,0.0,0.0,2.0,4.0,0.0,0.0,0.0,2.0,5.0,2.0,32.839182,-86.631125
ARKANSAS,2015,43,0.0,0.0,2.0,15.0,9.0,0.0,0.0,1.0,2.0,2.0,34.748745,-92.275105
UNITED STATES,2015,43,0.0,1.0,140.0,1023.0,1320.0,0.0,1.0,77.0,584.0,847.0,0.0,0.0
MICHIGAN,2015,43,0.0,0.0,4.0,16.0,1.0,0.0,0.0,1.0,1.0,0.0,44.66399,-84.711206
MID. ATLANTIC,2015,43,0.0,0.0,8.0,46.0,35.0,0.0,0.0,6.0,22.0,11.0,0.0,0.0
IOWA,2015,43,0.0,0.0,1.0,2.0,5.0,0.0,0.0,2.0,8.0,10.0,42.46942,-93.815856
W.N. CENTRAL,2015,43,0.0,0.0,11.0,69.0,104.0,0.0,0.0,21.0,131.0,218.0,0.0,0.0
NEW MEXICO,2015,43,0.0,0.0,2.0,11.0,19.0,0.0,0.0,1.0,2.0,5.0,34.520396,-106.244402
NEW YORK CITY,2015,43,0.0,0.0,3.0,8.0,12.0,0.0,0.0,1.0,1.0,3.0,0.0,0.0
OKLAHOMA,2015,43,0.0,0.0,6.0,36.0,9.0,0.0,0.0,6.0,36.0,9.0,35.468494,-97.521264
PACIFIC,2015,43,0.0,0.0,46.0,328.0,564.0,0.0,0.0,21.0,144.0,246.0,0.0,0.0
E.N. CENTRAL,2015,43,0.0,0.0,21.0,92.0,59.0,0.0,0.0,8.0,42.0,13.0,0.0,0.0
MONTANA,2015,43,0.0,0.0,1.0,2.0,2.0,0.0,0.0,1.0,1.0,3.0,47.062617,-109.430168
MARYLAND,2015,43,0.0,0.0,7.0,25.0,6.0,0.0,0.0,4.0,16.0,0.0,39.290443,-76.612333
COLORADO,2015,43,0.0,0.0,10.0,52.0,46.0,0.0,0.0,12.0,38.0,72.0,38.841772,-106.132562
FLORIDA,2015,43,0.0,0.0,2.0,9.0,11.0,0.0,0.0,0.0,0.0,5.0,28.915325,-81.922409
PENNSYLVANIA,2015,43,0.0,0.0,3.0,15.0,11.0,0.0,0.0,4.0,12.0,2.0,40.789676,-77.858055
S. ATLANTIC,2015,43,0.0,0.0,11.0,60.0,35.0,0.0,0.0,6.0,26.0,11.0,0.0,0.0
NEW JERSEY,2015,43,0.0,0.0,3.0,15.0,5.0,0.0,0.0,2.0,3.0,2.0,40.104655,-74.386686
DIST. OF COL.,2015,43,0.0,0.0,1.0,1.0,1.0,0.0,0.0,0.0,0.0,2.0,0.0,0.0
MISSOURI,2015,43,0.0,0.0,5.0,16.0,10.0,0.0,0.0,2.0,10.0,3.0,38.636168,-92.566292
NORTH DAKOTA,2015,43,0.0,0.0,4.0,10.0,12.0,0.0,0.0,2.0,13.0,10.0,47.475879,-100.121011
ARIZONA,2015,43,0.0,0.0,9.0,52.0,78.0,0.0,0.0,5.0,27.0,23.0,34.869712,-111.760902
OHIO,2015,43,0.0,0.0,4.0,23.0,10.0,0.0,0.0,3.0,11.0,1.0,40.056807,-82.405897
MAINE,2015,43,0.0,0.0,1.0,1.0,0.0,0.0,0.0,0.0,0.0,0.0,45.252223,-68.986647
E.S. CENTRAL,2015,43,0.0,0.0,5.0,33.0,38.0,0.0,0.0,3.0,19.0,24.0,0.0,0.0
SOUTH DAKOTA,2015,43,0.0,0.0,3.0,11.0,12.0,0.0,0.0,7.0,29.0,45.0,44.35371,-100.373709
WYOMING,2015,43,0.0,0.0,2.0,2.0,0.0,0.0,0.0,1.0,2.0,5.0,43.23558,-108.110518
LOUISIANA,2015,43,0.0,0.0,5.0,36.0,61.0,0.0,0.0,2.0,7.0,63.0,31.2931,-92.463284
GEORGIA,2015,43,0.0,0.0,4.0,9.0,10.0,0.0,0.0,1.0,2.0,2.0,32.836038,-83.631709
NEBRASKA,2015,43,0.0,0.0,3.0,17.0,41.0,0.0,0.0,8.0,49.0,99.0,41.640503,-99.367122
NEW ENGLAND,2015,43,0.0,0.0,3.0,14.0,8.0,0.0,0.0,2.0,5.0,4.0,0.0,0.0
NORTH CAROLINA,2015,43,0.0,0.0,1.0,4.0,0.0,0.0,0.0,0.0,0.0,0.0,35.47995,-79.180571
CALIFORNIA,2015,43,0.0,0.0,45.0,320.0,551.0,0.0,0.0,21.0,128.0,239.0,37.640735,-121.002435
CONNECTICUT,2015,43,0.0,0.0,2.0,7.0,3.0,0.0,0.0,1.0,2.0,3.0,41.544654,-72.651713
NEW YORK,2015,43,0.0,0.0,3.0,8.0,7.0,0.0,0.0,1.0,6.0,4.0,42.826892,-75.544286
MAINE,2015,44,0.0,0.0,1.0,1.0,0.0,0.0,0.0,0.0,0.0,0.0,45.252223,-68.986647
VIRGINIA,2015,44,0.0,0.0,4.0,13.0,5.0,0.0,0.0,2.0,7.0,2.0,37.542699,-78.45822
MARYLAND,2015,44,0.0,0.0,7.0,25.0,6.0,0.0,0.0,4.0,17.0,0.0,39.290443,-76.612333
OKLAHOMA,2015,44,0.0,0.0,6.0,36.0,9.0,0.0,0.0,6.0,36.0,9.0,35.468494,-97.521264
NEW YORK CITY,2015,44,0.0,0.0,3.0,8.0,12.0,0.0,0.0,1.0,1.0,3.0,0.0,0.0
FLORIDA,2015,44,0.0,0.0,2.0,9.0,12.0,0.0,0.0,0.0,0.0,5.0,28.915325,-81.922409
MOUNTAIN,2015,44,0.0,0.0,19.0,132.0,156.0,0.0,0.0,18.0,88.0,124.0,0.0,0.0
TENNESSEE,2015,44,0.0,0.0,2.0,4.0,12.0,0.0,0.0,1.0,1.0,4.0,35.681402,-85.774444
IDAHO,2015,44,0.0,0.0,1.0,5.0,6.0,0.0,0.0,3.0,8.0,13.0,43.680635,-114.364237
NORTH CAROLINA,2015,44,0.0,0.0,1.0,4.0,0.0,0.0,0.0,0.0,0.0,0.0,35.47995,-79.180571
ALABAMA,2015,44,0.0,0.0,2.0,4.0,0.0,0.0,0.0,2.0,5.0,2.0,32.839182,-86.631125
TEXAS,2015,44,0.0,0.0,22.0,164.0,248.0,0.0,0.0,12.0,66.0,124.0,31.827233,-99.423022
NEW ENGLAND,2015,44,0.0,0.0,3.0,15.0,8.0,0.0,0.0,2.0,5.0,4.0,0.0,0.0
PENNSYLVANIA,2015,44,0.0,0.0,3.0,16.0,11.0,0.0,0.0,4.0,13.0,2.0,40.789676,-77.858055
MID. ATLANTIC,2015,44,0.0,0.0,8.0,41.0,35.0,0.0,0.0,7.0,31.0,11.0,0.0,0.0
NEW MEXICO,2015,44,0.0,0.0,2.0,11.0,19.0,0.0,0.0,1.0,2.0,5.0,34.520396,-106.244402
W.S. CENTRAL,2015,44,0.0,0.0,33.0,251.0,327.0,0.0,0.0,17.0,111.0,198.0,0.0,0.0
MISSISSIPPI,2015,44,0.0,0.0,5.0,25.0,26.0,0.0,0.0,3.0,13.0,17.0,32.738663,-89.537312
OHIO,2015,44,0.0,0.0,4.0,23.0,10.0,0.0,0.0,3.0,12.0,1.0,40.056807,-82.405897
WYOMING,2015,44,0.0,0.0,2.0,2.0,0.0,0.0,0.0,2.0,5.0,5.0,43.23558,-108.110518
NEVADA,2015,44,0.0,0.0,3.0,4.0,3.0,0.0,0.0,2.0,3.0,0.0,39.491833,-117.070159
NEW YORK,2015,44,0.0,0.0,1.0,2.0,7.0,0.0,0.0,4.0,14.0,4.0,42.826892,-75.544286
CALIFORNIA,2015,44,0.0,0.0,47.0,351.0,554.0,0.0,0.0,23.0,138.0,239.0,37.640735,-121.002435
E.N. CENTRAL,2015,44,0.0,0.0,22.0,95.0,59.0,0.0,0.0,8.0,48.0,13.0,0.0,0.0
NORTH DAKOTA,2015,44,0.0,0.0,4.0,10.0,12.0,0.0,0.0,2.0,13.0,10.0,47.475879,-100.121011
UTAH,2015,44,0.0,0.0,2.0,4.0,1.0,0.0,0.0,2.0,3.0,1.0,39.359772,-111.584173
W.N. CENTRAL,2015,44,0.0,0.0,11.0,70.0,104.0,0.0,0.0,21.0,132.0,220.0,0.0,0.0
ILLINOIS,2015,44,0.0,0.0,12.0,39.0,36.0,0.0,0.0,6.0,27.0,8.0,40.477092,-88.993221
INDIANA,2015,44,0.0,0.0,3.0,13.0,9.0,0.0,0.0,1.0,5.0,1.0,39.76845,-86.156212
E.S. CENTRAL,2015,44,0.0,0.0,5.0,33.0,38.0,0.0,0.0,3.0,19.0,24.0,0.0,0.0
MISSOURI,2015,44,0.0,0.0,5.0,16.0,10.0,0.0,0.0,2.0,10.0,3.0,38.636168,-92.566292
WISCONSIN,2015,44,0.0,0.0,3.0,4.0,3.0,0.0,0.0,1.0,3.0,3.0,44.395526,-89.834513
PACIFIC,2015,44,0.0,0.0,48.0,359.0,567.0,0.0,0.0,23.0,154.0,246.0,0.0,0.0
NEW JERSEY,2015,44,0.0,0.0,3.0,15.0,5.0,0.0,0.0,2.0,3.0,2.0,40.104655,-74.386686
ARIZONA,2015,44,0.0,0.0,9.0,52.0,79.0,0.0,0.0,5.0,28.0,25.0,34.869712,-111.760902
MONTANA,2015,44,0.0,0.0,1.0,2.0,2.0,0.0,0.0,1.0,1.0,3.0,47.062617,-109.430168
UNITED STATES,2015,44,0.0,1.0,141.0,1057.0,1330.0,0.0,1.0,83.0,617.0,851.0,0.0,0.0
DIST. OF COL.,2015,44,0.0,0.0,1.0,1.0,1.0,0.0,0.0,1.0,1.0,2.0,0.0,0.0
CONNECTICUT,2015,44,0.0,0.0,2.0,8.0,3.0,0.0,0.0,1.0,2.0,3.0,41.544654,-72.651713
KANSAS,2015,44,0.0,0.0,3.0,12.0,18.0,0.0,0.0,5.0,18.0,36.0,38.345528,-98.201847
WASHINGTON,2015,44,0.0,0.0,2.0,8.0,6.0,0.0,0.0,3.0,16.0,5.0,47.517368,-120.467672
S. ATLANTIC,2015,44,0.0,0.0,11.0,61.0,36.0,0.0,0.0,6.0,29.0,11.0,0.0,0.0
MICHIGAN,2015,44,0.0,0.0,4.0,16.0,1.0,0.0,0.0,1.0,1.0,0.0,44.66399,-84.711206
NEBRASKA,2015,44,0.0,0.0,3.0,17.0,41.0,0.0,0.0,8.0,50.0,101.0,41.640503,-99.367122
SOUTH DAKOTA,2015,44,0.0,0.0,3.0,11.0,12.0,0.0,0.0,7.0,29.0,45.0,44.35371,-100.373709
LOUISIANA,2015,44,0.0,0.0,5.0,36.0,61.0,0.0,0.0,2.0,7.0,63.0,31.2931,-92.463284
ARKANSAS,2015,44,0.0,0.0,2.0,15.0,9.0,0.0,0.0,1.0,2.0,2.0,34.748745,-92.275105
DELAWARE,2015,44,0.0,0.0,0.0,0.0,0.0,0.0,0.0,1.0,2.0,0.0,39.008676,-75.574561
GEORGIA,2015,44,0.0,0.0,4.0,9.0,10.0,0.0,0.0,1.0,2.0,2.0,32.836038,-83.631709
IOWA,2015,44,0.0,0.0,1.0,2.0,5.0,0.0,0.0,2.0,8.0,10.0,42.46942,-93.815856
COLORADO,2015,44,0.0,0.0,10.0,52.0,46.0,0.0,0.0,12.0,38.0,72.0,38.841772,-106.132562
MASSACHUSETTS,2015,44,0.0,0.0,2.0,6.0,5.0,0.0,0.0,2.0,3.0,1.0,42.268546,-72.085064
MINNESOTA,2015,44,0.0,0.0,1.0,2.0,6.0,0.0,0.0,1.0,4.0,15.0,44.943719,-93.094281
ARKANSAS,2015,45,0.0,0.0,2.0,15.0,9.0,0.0,0.0,1.0,2.0,2.0,34.748745,-92.275105
COLORADO,2015,45,0.0,0.0,10.0,52.0,46.0,0.0,0.0,12.0,38.0,72.0,38.841772,-106.132562
NEBRASKA,2015,45,0.0,0.0,3.0,17.0,41.0,0.0,0.0,8.0,50.0,101.0,41.640503,-99.367122
E.N. CENTRAL,2015,45,0.0,0.0,22.0,96.0,59.0,0.0,0.0,8.0,48.0,13.0,0.0,0.0
NEW YORK,2015,45,0.0,0.0,3.0,8.0,7.0,0.0,0.0,1.0,7.0,4.0,42.826892,-75.544286
OHIO,2015,45,0.0,0.0,4.0,23.0,10.0,0.0,0.0,3.0,12.0,1.0,40.056807,-82.405897
IDAHO,2015,45,0.0,0.0,1.0,5.0,6.0,0.0,0.0,3.0,8.0,13.0,43.680635,-114.364237
W.S. CENTRAL,2015,45,0.0,0.0,33.0,266.0,330.0,0.0,0.0,17.0,114.0,199.0,0.0,0.0
MARYLAND,2015,45,0.0,0.0,7.0,24.0,6.0,0.0,0.0,4.0,18.0,0.0,39.290443,-76.612333
WISCONSIN,2015,45,0.0,0.0,3.0,4.0,3.0,0.0,0.0,1.0,3.0,3.0,44.395526,-89.834513
PENNSYLVANIA,2015,45,0.0,0.0,3.0,17.0,11.0,0.0,0.0,4.0,13.0,2.0,40.789676,-77.858055
NORTH CAROLINA,2015,45,0.0,0.0,1.0,4.0,0.0,0.0,0.0,0.0,0.0,0.0,35.47995,-79.180571
CALIFORNIA,2015,45,0.0,0.0,50.0,394.0,556.0,0.0,0.0,23.0,151.0,239.0,37.640735,-121.002435
NORTH DAKOTA,2015,45,0.0,0.0,4.0,10.0,12.0,0.0,0.0,2.0,13.0,10.0,47.475879,-100.121011
MAINE,2015,45,0.0,0.0,1.0,1.0,0.0,0.0,0.0,0.0,0.0,0.0,45.252223,-68.986647
WYOMING,2015,45,0.0,0.0,2.0,2.0,0.0,0.0,0.0,2.0,5.0,5.0,43.23558,-108.110518
NEW YORK CITY,2015,45,0.0,0.0,3.0,8.0,12.0,0.0,0.0,1.0,1.0,3.0,0.0,0.0
MISSOURI,2015,45,0.0,0.0,5.0,18.0,10.0,0.0,0.0,2.0,10.0,3.0,38.636168,-92.566292
MISSISSIPPI,2015,45,0.0,0.0,5.0,25.0,26.0,0.0,0.0,3.0,13.0,17.0,32.738663,-89.537312
NEW ENGLAND,2015,45,0.0,0.0,3.0,15.0,8.0,0.0,0.0,2.0,5.0,4.0,0.0,0.0
MICHIGAN,2015,45,0.0,0.0,4.0,16.0,1.0,0.0,0.0,1.0,1.0,0.0,44.66399,-84.711206
KANSAS,2015,45,0.0,0.0,3.0,12.0,18.0,0.0,0.0,5.0,19.0,36.0,38.345528,-98.201847
VIRGINIA,2015,45,0.0,0.0,5.0,14.0,5.0,0.0,0.0,2.0,7.0,2.0,37.542699,-78.45822
NEW MEXICO,2015,45,0.0,0.0,2.0,11.0,19.0,0.0,0.0,1.0,2.0,5.0,34.520396,-106.244402
IOWA,2015,45,0.0,0.0,1.0,3.0,5.0,0.0,0.0,2.0,8.0,10.0,42.46942,-93.815856
OKLAHOMA,2015,45,0.0,0.0,6.0,41.0,9.0,0.0,0.0,6.0,38.0,9.0,35.468494,-97.521264
TENNESSEE,2015,45,0.0,0.0,2.0,5.0,12.0,0.0,0.0,1.0,1.0,4.0,35.681402,-85.774444
GEORGIA,2015,45,0.0,0.0,4.0,11.0,10.0,0.0,0.0,1.0,2.0,2.0,32.836038,-83.631709
ARIZONA,2015,45,0.0,0.0,9.0,54.0,79.0,0.0,0.0,5.0,30.0,25.0,34.869712,-111.760902
CONNECTICUT,2015,45,0.0,0.0,2.0,8.0,3.0,0.0,0.0,1.0,2.0,3.0,41.544654,-72.651713
DIST. OF COL.,2015,45,0.0,0.0,1.0,2.0,1.0,0.0,0.0,1.0,2.0,2.0,0.0,0.0
MINNESOTA,2015,45,0.0,0.0,1.0,2.0,6.0,0.0,0.0,1.0,4.0,15.0,44.943719,-93.094281
INDIANA,2015,45,0.0,0.0,3.0,13.0,9.0,0.0,0.0,1.0,5.0,1.0,39.76845,-86.156212
ALABAMA,2015,45,0.0,0.0,2.0,5.0,0.0,0.0,0.0,2.0,5.0,2.0,32.839182,-86.631125
MASSACHUSETTS,2015,45,0.0,0.0,2.0,6.0,5.0,0.0,0.0,2.0,3.0,1.0,42.268546,-72.085064
ILLINOIS,2015,45,0.0,0.0,12.0,40.0,36.0,0.0,0.0,6.0,27.0,8.0,40.477092,-88.993221
MID. ATLANTIC,2015,45,0.0,0.0,8.0,48.0,36.0,0.0,0.0,6.0,24.0,11.0,0.0,0.0
FLORIDA,2015,45,0.0,0.0,2.0,9.0,12.0,0.0,0.0,0.0,0.0,5.0,28.915325,-81.922409
TEXAS,2015,45,0.0,0.0,22.0,174.0,251.0,0.0,0.0,12.0,67.0,125.0,31.827233,-99.423022
LOUISIANA,2015,45,0.0,0.0,5.0,36.0,61.0,0.0,0.0,2.0,7.0,63.0,31.2931,-92.463284
MONTANA,2015,45,0.0,0.0,1.0,2.0,2.0,0.0,0.0,1.0,1.0,3.0,47.062617,-109.430168
NEVADA,2015,45,0.0,0.0,3.0,4.0,3.0,0.0,0.0,2.0,3.0,0.0,39.491833,-117.070159
PACIFIC,2015,45,0.0,0.0,51.0,402.0,569.0,0.0,0.0,23.0,167.0,246.0,0.0,0.0
WASHINGTON,2015,45,0.0,0.0,2.0,8.0,6.0,0.0,0.0,3.0,16.0,5.0,47.517368,-120.467672
S. ATLANTIC,2015,45,0.0,0.0,11.0,64.0,36.0,0.0,0.0,6.0,31.0,11.0,0.0,0.0
W.N. CENTRAL,2015,45,0.0,0.0,11.0,73.0,104.0,0.0,0.0,21.0,133.0,220.0,0.0,0.0
E.S. CENTRAL,2015,45,0.0,0.0,5.0,35.0,38.0,0.0,0.0,3.0,19.0,24.0,0.0,0.0
UTAH,2015,45,0.0,0.0,2.0,4.0,1.0,0.0,0.0,2.0,3.0,1.0,39.359772,-111.584173
NEW JERSEY,2015,45,0.0,0.0,3.0,15.0,6.0,0.0,0.0,2.0,3.0,2.0,40.104655,-74.386686
DELAWARE,2015,45,0.0,0.0,0.0,0.0,0.0,0.0,0.0,1.0,2.0,0.0,39.008676,-75.574561
SOUTH DAKOTA,2015,45,0.0,0.0,3.0,11.0,12.0,0.0,0.0,7.0,29.0,45.0,44.35371,-100.373709
UNITED STATES,2015,45,0.0,1.0,147.0,1133.0,1336.0,0.0,1.0,81.0,631.0,852.0,0.0,0.0
MOUNTAIN,2015,45,0.0,0.0,19.0,134.0,156.0,0.0,0.0,18.0,90.0,124.0,0.0,0.0
MID. ATLANTIC,2015,46,0.0,0.0,8.0,42.0,36.0,0.0,0.0,7.0,32.0,11.0,0.0,0.0
VIRGINIA,2015,46,0.0,0.0,5.0,14.0,5.0,0.0,0.0,2.0,7.0,2.0,37.542699,-78.45822
MICHIGAN,2015,46,0.0,0.0,4.0,16.0,1.0,0.0,0.0,1.0,1.0,0.0,44.66399,-84.711206
WYOMING,2015,46,0.0,0.0,2.0,2.0,0.0,0.0,0.0,2.0,5.0,5.0,43.23558,-108.110518
MISSOURI,2015,46,0.0,0.0,5.0,18.0,10.0,0.0,0.0,2.0,10.0,3.0,38.636168,-92.566292
ALABAMA,2015,46,0.0,0.0,2.0,5.0,0.0,0.0,0.0,2.0,5.0,2.0,32.839182,-86.631125
OHIO,2015,46,0.0,0.0,4.0,23.0,10.0,0.0,0.0,3.0,12.0,1.0,40.056807,-82.405897
ARKANSAS,2015,46,0.0,0.0,2.0,15.0,9.0,0.0,0.0,1.0,2.0,2.0,34.748745,-92.275105
UTAH,2015,46,0.0,0.0,2.0,4.0,1.0,0.0,0.0,2.0,3.0,1.0,39.359772,-111.584173
DIST. OF COL.,2015,46,0.0,0.0,1.0,2.0,1.0,0.0,0.0,1.0,2.0,2.0,0.0,0.0
NEW ENGLAND,2015,46,0.0,0.0,3.0,15.0,8.0,0.0,0.0,2.0,5.0,4.0,0.0,0.0
W.N. CENTRAL,2015,46,0.0,0.0,11.0,73.0,104.0,0.0,0.0,21.0,134.0,221.0,0.0,0.0
NEW YORK,2015,46,0.0,0.0,1.0,2.0,7.0,0.0,0.0,4.0,15.0,4.0,42.826892,-75.544286
IOWA,2015,46,0.0,0.0,1.0,3.0,5.0,0.0,0.0,2.0,8.0,10.0,42.46942,-93.815856
ARIZONA,2015,46,0.0,0.0,9.0,54.0,80.0,0.0,0.0,5.0,33.0,25.0,34.869712,-111.760902
DELAWARE,2015,46,0.0,0.0,0.0,0.0,0.0,0.0,0.0,1.0,2.0,0.0,39.008676,-75.574561
NEW MEXICO,2015,46,0.0,0.0,2.0,11.0,19.0,0.0,0.0,1.0,2.0,5.0,34.520396,-106.244402
MASSACHUSETTS,2015,46,0.0,0.0,2.0,6.0,5.0,0.0,0.0,2.0,3.0,1.0,42.268546,-72.085064
IDAHO,2015,46,0.0,0.0,1.0,5.0,6.0,0.0,0.0,3.0,8.0,13.0,43.680635,-114.364237
W.S. CENTRAL,2015,46,0.0,1.0,33.0,268.0,330.0,0.0,0.0,17.0,116.0,199.0,0.0,0.0
NEVADA,2015,46,0.0,0.0,3.0,4.0,3.0,0.0,0.0,2.0,3.0,0.0,39.491833,-117.070159
INDIANA,2015,46,0.0,0.0,3.0,13.0,9.0,0.0,0.0,1.0,5.0,1.0,39.76845,-86.156212
PACIFIC,2015,46,0.0,0.0,52.0,420.0,574.0,0.0,0.0,23.0,173.0,246.0,0.0,0.0
MINNESOTA,2015,46,0.0,0.0,1.0,2.0,6.0,0.0,0.0,1.0,4.0,15.0,44.943719,-93.094281
MONTANA,2015,46,0.0,0.0,1.0,2.0,2.0,0.0,0.0,1.0,1.0,3.0,47.062617,-109.430168
E.S. CENTRAL,2015,46,0.0,0.0,5.0,35.0,38.0,0.0,0.0,3.0,19.0,24.0,0.0,0.0
S. ATLANTIC,2015,46,0.0,0.0,11.0,64.0,36.0,0.0,0.0,6.0,31.0,11.0,0.0,0.0
SOUTH DAKOTA,2015,46,0.0,0.0,3.0,11.0,12.0,0.0,0.0,7.0,29.0,45.0,44.35371,-100.373709
OKLAHOMA,2015,46,0.0,0.0,6.0,43.0,9.0,0.0,0.0,7.0,40.0,9.0,35.468494,-97.521264
CALIFORNIA,2015,46,0.0,0.0,51.0,412.0,560.0,0.0,0.0,23.0,157.0,239.0,37.640735,-121.002435
NORTH DAKOTA,2015,46,0.0,0.0,4.0,10.0,12.0,0.0,0.0,2.0,13.0,11.0,47.475879,-100.121011
PENNSYLVANIA,2015,46,0.0,0.0,3.0,17.0,11.0,0.0,0.0,4.0,13.0,2.0,40.789676,-77.858055
WISCONSIN,2015,46,0.0,0.0,3.0,4.0,3.0,0.0,0.0,1.0,3.0,3.0,44.395526,-89.834513
CONNECTICUT,2015,46,0.0,0.0,2.0,8.0,3.0,0.0,0.0,1.0,2.0,3.0,41.544654,-72.651713
FLORIDA,2015,46,0.0,0.0,2.0,9.0,12.0,0.0,0.0,0.0,0.0,5.0,28.915325,-81.922409
NEW YORK CITY,2015,46,0.0,0.0,3.0,8.0,12.0,0.0,0.0,1.0,1.0,3.0,0.0,0.0
TEXAS,2015,46,0.0,0.0,22.0,174.0,251.0,0.0,0.0,12.0,67.0,125.0,31.827233,-99.423022
NEW JERSEY,2015,46,0.0,0.0,3.0,15.0,6.0,0.0,0.0,2.0,3.0,2.0,40.104655,-74.386686
KANSAS,2015,46,0.0,0.0,3.0,12.0,18.0,0.0,0.0,5.0,20.0,36.0,38.345528,-98.201847
NEBRASKA,2015,46,0.0,0.0,3.0,17.0,41.0,0.0,0.0,8.0,50.0,101.0,41.640503,-99.367122
NORTH CAROLINA,2015,46,0.0,0.0,1.0,4.0,0.0,0.0,0.0,0.0,0.0,0.0,35.47995,-79.180571
MOUNTAIN,2015,46,0.0,0.0,19.0,134.0,157.0,0.0,0.0,18.0,93.0,124.0,0.0,0.0
LOUISIANA,2015,46,0.0,0.0,5.0,36.0,61.0,0.0,0.0,2.0,7.0,63.0,31.2931,-92.463284
E.N. CENTRAL,2015,46,0.0,0.0,22.0,98.0,59.0,0.0,0.0,8.0,48.0,13.0,0.0,0.0
TENNESSEE,2015,46,0.0,0.0,2.0,5.0,12.0,0.0,0.0,1.0,1.0,4.0,35.681402,-85.774444
WASHINGTON,2015,46,0.0,0.0,2.0,8.0,7.0,0.0,0.0,3.0,16.0,5.0,47.517368,-120.467672
MARYLAND,2015,46,0.0,0.0,7.0,24.0,6.0,0.0,0.0,4.0,18.0,0.0,39.290443,-76.612333
GEORGIA,2015,46,0.0,0.0,4.0,11.0,10.0,0.0,0.0,1.0,2.0,2.0,32.836038,-83.631709
MAINE,2015,46,0.0,0.0,1.0,1.0,0.0,0.0,0.0,0.0,0.0,0.0,45.252223,-68.986647
UNITED STATES,2015,46,0.0,1.0,146.0,1149.0,1342.0,0.0,1.0,85.0,651.0,853.0,0.0,0.0
MISSISSIPPI,2015,46,0.0,0.0,5.0,25.0,26.0,0.0,0.0,3.0,13.0,17.0,32.738663,-89.537312
ILLINOIS,2015,46,0.0,0.0,12.0,42.0,36.0,0.0,0.0,6.0,27.0,8.0,40.477092,-88.993221
COLORADO,2015,46,0.0,0.0,10.0,52.0,46.0,0.0,0.0,12.0,38.0,72.0,38.841772,-106.132562
MAINE,2015,47,0.0,0.0,1.0,1.0,0.0,0.0,0.0,0.0,0.0,0.0,45.252223,-68.986647
NEW YORK CITY,2015,47,0.0,0.0,3.0,8.0,12.0,0.0,0.0,1.0,1.0,3.0,0.0,0.0
ALABAMA,2015,47,0.0,0.0,2.0,5.0,0.0,0.0,0.0,2.0,5.0,2.0,32.839182,-86.631125
PACIFIC,2015,47,0.0,0.0,52.0,454.0,574.0,0.0,0.0,23.0,182.0,246.0,0.0,0.0
S. ATLANTIC,2015,47,0.0,0.0,11.0,66.0,36.0,0.0,0.0,7.0,28.0,11.0,0.0,0.0
OHIO,2015,47,0.0,0.0,4.0,23.0,10.0,0.0,0.0,3.0,12.0,1.0,40.056807,-82.405897
SOUTH DAKOTA,2015,47,0.0,0.0,3.0,11.0,12.0,0.0,0.0,7.0,29.0,45.0,44.35371,-100.373709
PENNSYLVANIA,2015,47,0.0,0.0,3.0,17.0,11.0,0.0,0.0,4.0,13.0,2.0,40.789676,-77.858055
E.S. CENTRAL,2015,47,0.0,0.0,5.0,36.0,38.0,0.0,0.0,3.0,19.0,24.0,0.0,0.0
WYOMING,2015,47,0.0,0.0,2.0,2.0,0.0,0.0,0.0,2.0,5.0,5.0,43.23558,-108.110518
CALIFORNIA,2015,47,0.0,0.0,51.0,446.0,560.0,0.0,0.0,23.0,166.0,239.0,37.640735,-121.002435
TEXAS,2015,47,0.0,0.0,22.0,176.0,251.0,0.0,0.0,12.0,69.0,126.0,31.827233,-99.423022
NEVADA,2015,47,0.0,0.0,3.0,4.0,3.0,0.0,0.0,2.0,3.0,0.0,39.491833,-117.070159
DELAWARE,2015,47,0.0,0.0,0.0,0.0,0.0,0.0,0.0,1.0,2.0,0.0,39.008676,-75.574561
OKLAHOMA,2015,47,0.0,0.0,6.0,43.0,9.0,0.0,0.0,7.0,40.0,9.0,35.468494,-97.521264
MICHIGAN,2015,47,0.0,0.0,4.0,16.0,1.0,0.0,0.0,1.0,2.0,0.0,44.66399,-84.711206
UNITED STATES,2015,47,0.0,1.0,148.0,1198.0,1342.0,0.0,1.0,83.0,655.0,854.0,0.0,0.0
MASSACHUSETTS,2015,47,0.0,0.0,2.0,6.0,5.0,0.0,0.0,2.0,3.0,1.0,42.268546,-72.085064
NEW YORK,2015,47,0.0,0.0,3.0,9.0,7.0,0.0,0.0,1.0,7.0,4.0,42.826892,-75.544286
W.S. CENTRAL,2015,47,0.0,1.0,33.0,270.0,330.0,0.0,0.0,17.0,118.0,200.0,0.0,0.0
MID. ATLANTIC,2015,47,0.0,0.0,8.0,49.0,36.0,0.0,0.0,6.0,24.0,11.0,0.0,0.0
VIRGINIA,2015,47,0.0,0.0,5.0,13.0,5.0,0.0,0.0,2.0,7.0,2.0,37.542699,-78.45822
MINNESOTA,2015,47,0.0,0.0,1.0,2.0,6.0,0.0,0.0,1.0,4.0,15.0,44.943719,-93.094281
NEW MEXICO,2015,47,0.0,0.0,2.0,11.0,19.0,0.0,0.0,1.0,2.0,5.0,34.520396,-106.244402
NORTH CAROLINA,2015,47,0.0,0.0,1.0,4.0,0.0,0.0,0.0,0.0,0.0,0.0,35.47995,-79.180571
ARKANSAS,2015,47,0.0,0.0,2.0,15.0,9.0,0.0,0.0,1.0,2.0,2.0,34.748745,-92.275105
UTAH,2015,47,0.0,0.0,2.0,4.0,1.0,0.0,0.0,2.0,3.0,1.0,39.359772,-111.584173
MISSISSIPPI,2015,47,0.0,0.0,5.0,26.0,26.0,0.0,0.0,3.0,13.0,17.0,32.738663,-89.537312
FLORIDA,2015,47,0.0,0.0,2.0,9.0,12.0,0.0,0.0,0.0,0.0,5.0,28.915325,-81.922409
CONNECTICUT,2015,47,0.0,0.0,2.0,8.0,3.0,0.0,0.0,1.0,2.0,3.0,41.544654,-72.651713
NEW ENGLAND,2015,47,0.0,0.0,3.0,15.0,8.0,0.0,0.0,2.0,5.0,4.0,0.0,0.0
IOWA,2015,47,0.0,0.0,1.0,4.0,5.0,0.0,0.0,3.0,9.0,10.0,42.46942,-93.815856
ARIZONA,2015,47,0.0,0.0,9.0,56.0,80.0,0.0,0.0,5.0,35.0,25.0,34.869712,-111.760902
ILLINOIS,2015,47,0.0,0.0,12.0,42.0,36.0,0.0,0.0,6.0,27.0,8.0,40.477092,-88.993221
E.N. CENTRAL,2015,47,0.0,0.0,22.0,98.0,59.0,0.0,0.0,8.0,48.0,13.0,0.0,0.0
IDAHO,2015,47,0.0,0.0,1.0,5.0,6.0,0.0,0.0,3.0,8.0,13.0,43.680635,-114.364237
COLORADO,2015,47,0.0,0.0,10.0,52.0,46.0,0.0,0.0,12.0,38.0,72.0,38.841772,-106.132562
TENNESSEE,2015,47,0.0,0.0,2.0,5.0,12.0,0.0,0.0,1.0,1.0,4.0,35.681402,-85.774444
INDIANA,2015,47,0.0,0.0,3.0,13.0,9.0,0.0,0.0,1.0,5.0,1.0,39.76845,-86.156212
MOUNTAIN,2015,47,0.0,0.0,19.0,136.0,157.0,0.0,0.0,18.0,95.0,124.0,0.0,0.0
GEORGIA,2015,47,0.0,0.0,4.0,12.0,10.0,0.0,0.0,1.0,2.0,2.0,32.836038,-83.631709
DIST. OF COL.,2015,47,0.0,0.0,1.0,2.0,1.0,0.0,0.0,1.0,2.0,2.0,0.0,0.0
MARYLAND,2015,47,0.0,0.0,7.0,26.0,6.0,0.0,0.0,5.0,15.0,0.0,39.290443,-76.612333
LOUISIANA,2015,47,0.0,0.0,5.0,36.0,61.0,0.0,0.0,2.0,7.0,63.0,31.2931,-92.463284
MONTANA,2015,47,0.0,0.0,1.0,2.0,2.0,0.0,0.0,1.0,1.0,3.0,47.062617,-109.430168
WISCONSIN,2015,47,0.0,0.0,3.0,4.0,3.0,0.0,0.0,1.0,2.0,3.0,44.395526,-89.834513
NEBRASKA,2015,47,0.0,0.0,3.0,17.0,41.0,0.0,0.0,8.0,50.0,101.0,41.640503,-99.367122
MISSOURI,2015,47,0.0,0.0,5.0,18.0,10.0,0.0,0.0,2.0,10.0,3.0,38.636168,-92.566292
NORTH DAKOTA,2015,47,0.0,0.0,4.0,10.0,12.0,0.0,0.0,2.0,13.0,11.0,47.475879,-100.121011
W.N. CENTRAL,2015,47,0.0,0.0,11.0,74.0,104.0,0.0,0.0,22.0,136.0,221.0,0.0,0.0
WASHINGTON,2015,47,0.0,0.0,2.0,8.0,7.0,0.0,0.0,3.0,16.0,5.0,47.517368,-120.467672
KANSAS,2015,47,0.0,0.0,3.0,12.0,18.0,0.0,0.0,5.0,21.0,36.0,38.345528,-98.201847
NEW JERSEY,2015,47,0.0,0.0,3.0,15.0,6.0,0.0,0.0,2.0,3.0,2.0,40.104655,-74.386686
DELAWARE,2015,48,0.0,0.0,0.0,0.0,0.0,0.0,0.0,1.0,2.0,0.0,39.008676,-75.574561
MOUNTAIN,2015,48,0.0,0.0,20.0,142.0,157.0,0.0,0.0,18.0,101.0,124.0,0.0,0.0
DIST. OF COL.,2015,48,0.0,0.0,1.0,2.0,1.0,0.0,0.0,1.0,2.0,2.0,0.0,0.0
UTAH,2015,48,0.0,0.0,2.0,4.0,1.0,0.0,0.0,2.0,3.0,1.0,39.359772,-111.584173
MISSISSIPPI,2015,48,0.0,0.0,5.0,26.0,26.0,0.0,0.0,3.0,13.0,17.0,32.738663,-89.537312
ALABAMA,2015,48,0.0,0.0,2.0,5.0,0.0,0.0,0.0,2.0,5.0,2.0,32.839182,-86.631125
ARIZONA,2015,48,0.0,0.0,9.0,56.0,80.0,0.0,0.0,5.0,35.0,25.0,34.869712,-111.760902
ARKANSAS,2015,48,0.0,0.0,2.0,15.0,9.0,0.0,0.0,1.0,2.0,2.0,34.748745,-92.275105
NEBRASKA,2015,48,0.0,0.0,3.0,17.0,41.0,0.0,0.0,8.0,51.0,101.0,41.640503,-99.367122
NEW MEXICO,2015,48,0.0,0.0,2.0,11.0,19.0,0.0,0.0,1.0,2.0,5.0,34.520396,-106.244402
IDAHO,2015,48,0.0,0.0,1.0,5.0,6.0,0.0,0.0,3.0,8.0,13.0,43.680635,-114.364237
MICHIGAN,2015,48,0.0,0.0,4.0,16.0,1.0,0.0,0.0,1.0,2.0,0.0,44.66399,-84.711206
WISCONSIN,2015,48,0.0,0.0,3.0,4.0,3.0,0.0,0.0,2.0,3.0,3.0,44.395526,-89.834513
ILLINOIS,2015,48,0.0,0.0,11.0,42.0,36.0,0.0,0.0,6.0,28.0,8.0,40.477092,-88.993221
W.S. CENTRAL,2015,48,0.0,0.0,33.0,271.0,331.0,0.0,0.0,17.0,119.0,201.0,0.0,0.0
GEORGIA,2015,48,0.0,0.0,4.0,12.0,10.0,0.0,0.0,1.0,2.0,2.0,32.836038,-83.631709
NEW JERSEY,2015,48,0.0,0.0,3.0,15.0,6.0,0.0,0.0,2.0,3.0,2.0,40.104655,-74.386686
COLORADO,2015,48,0.0,0.0,11.0,57.0,46.0,0.0,0.0,12.0,44.0,72.0,38.841772,-106.132562
NORTH CAROLINA,2015,48,0.0,0.0,1.0,4.0,0.0,0.0,0.0,0.0,0.0,0.0,35.47995,-79.180571
NEW YORK CITY,2015,48,0.0,0.0,3.0,8.0,12.0,0.0,0.0,1.0,1.0,3.0,0.0,0.0
SOUTH DAKOTA,2015,48,0.0,0.0,3.0,11.0,12.0,0.0,0.0,7.0,29.0,45.0,44.35371,-100.373709
NORTH DAKOTA,2015,48,0.0,0.0,4.0,10.0,12.0,0.0,0.0,2.0,13.0,11.0,47.475879,-100.121011
NEW ENGLAND,2015,48,0.0,0.0,3.0,15.0,8.0,0.0,0.0,2.0,5.0,4.0,0.0,0.0
W.N. CENTRAL,2015,48,0.0,0.0,11.0,74.0,104.0,0.0,0.0,22.0,138.0,221.0,0.0,0.0
MID. ATLANTIC,2015,48,0.0,0.0,8.0,49.0,36.0,0.0,0.0,6.0,24.0,11.0,0.0,0.0
WASHINGTON,2015,48,0.0,0.0,1.0,7.0,7.0,0.0,0.0,3.0,16.0,5.0,47.517368,-120.467672
OKLAHOMA,2015,48,0.0,0.0,6.0,43.0,9.0,0.0,0.0,7.0,40.0,9.0,35.468494,-97.521264
VIRGINIA,2015,48,0.0,0.0,5.0,13.0,5.0,0.0,0.0,2.0,7.0,2.0,37.542699,-78.45822
IOWA,2015,48,0.0,0.0,1.0,4.0,5.0,0.0,0.0,3.0,10.0,10.0,42.46942,-93.815856
TENNESSEE,2015,48,0.0,0.0,2.0,5.0,12.0,0.0,0.0,1.0,1.0,4.0,35.681402,-85.774444
NEW YORK,2015,48,0.0,0.0,3.0,9.0,7.0,0.0,0.0,1.0,7.0,4.0,42.826892,-75.544286
WYOMING,2015,48,0.0,0.0,2.0,3.0,0.0,0.0,0.0,2.0,5.0,5.0,43.23558,-108.110518
E.S. CENTRAL,2015,48,0.0,0.0,5.0,36.0,38.0,0.0,0.0,3.0,19.0,24.0,0.0,0.0
NEVADA,2015,48,0.0,0.0,3.0,4.0,3.0,0.0,0.0,2.0,3.0,0.0,39.491833,-117.070159
PENNSYLVANIA,2015,48,0.0,0.0,3.0,17.0,11.0,0.0,0.0,4.0,13.0,2.0,40.789676,-77.858055
MARYLAND,2015,48,0.0,0.0,7.0,26.0,6.0,0.0,0.0,5.0,15.0,0.0,39.290443,-76.612333
MAINE,2015,48,0.0,0.0,1.0,1.0,0.0,0.0,0.0,0.0,0.0,0.0,45.252223,-68.986647
INDIANA,2015,48,0.0,0.0,3.0,13.0,9.0,0.0,0.0,1.0,5.0,1.0,39.76845,-86.156212
FLORIDA,2015,48,0.0,0.0,2.0,9.0,12.0,0.0,0.0,0.0,0.0,5.0,28.915325,-81.922409
OHIO,2015,48,0.0,0.0,4.0,23.0,10.0,0.0,0.0,3.0,12.0,1.0,40.056807,-82.405897
S. ATLANTIC,2015,48,0.0,0.0,11.0,66.0,36.0,0.0,0.0,7.0,28.0,11.0,0.0,0.0
CALIFORNIA,2015,48,0.0,0.0,51.0,449.0,560.0,0.0,0.0,23.0,167.0,239.0,37.640735,-121.002435
KANSAS,2015,48,0.0,0.0,3.0,12.0,18.0,0.0,0.0,5.0,21.0,36.0,38.345528,-98.201847
MISSOURI,2015,48,0.0,0.0,5.0,18.0,10.0,0.0,0.0,2.0,10.0,3.0,38.636168,-92.566292
E.N. CENTRAL,2015,48,0.0,0.0,21.0,98.0,59.0,0.0,0.0,8.0,50.0,13.0,0.0,0.0
MINNESOTA,2015,48,0.0,0.0,1.0,2.0,6.0,0.0,0.0,1.0,4.0,15.0,44.943719,-93.094281
MONTANA,2015,48,0.0,0.0,1.0,2.0,2.0,0.0,0.0,1.0,1.0,3.0,47.062617,-109.430168
MASSACHUSETTS,2015,48,0.0,0.0,2.0,6.0,5.0,0.0,0.0,2.0,3.0,1.0,42.268546,-72.085064
LOUISIANA,2015,48,0.0,0.0,5.0,36.0,61.0,0.0,0.0,2.0,7.0,64.0,31.2931,-92.463284
CONNECTICUT,2015,48,0.0,0.0,2.0,8.0,3.0,0.0,0.0,1.0,2.0,3.0,41.544654,-72.651713
TEXAS,2015,48,0.0,0.0,22.0,177.0,252.0,0.0,0.0,12.0,70.0,126.0,31.827233,-99.423022
UNITED STATES,2015,48,0.0,1.0,147.0,1207.0,1343.0,0.0,1.0,87.0,667.0,855.0,0.0,0.0
PACIFIC,2015,48,0.0,0.0,52.0,456.0,574.0,0.0,0.0,23.0,183.0,246.0,0.0,0.0
NEW YORK CITY,2015,49,0.0,0.0,5.0,25.0,12.0,0.0,0.0,2.0,8.0,3.0,0.0,0.0
CALIFORNIA,2015,49,0.0,0.0,52.0,479.0,561.0,0.0,0.0,24.0,176.0,240.0,37.640735,-121.002435
ARIZONA,2015,49,0.0,0.0,9.0,56.0,80.0,0.0,0.0,5.0,35.0,25.0,34.869712,-111.760902
WYOMING,2015,49,0.0,0.0,2.0,3.0,0.0,0.0,0.0,2.0,5.0,5.0,43.23558,-108.110518
GEORGIA,2015,49,0.0,0.0,4.0,12.0,10.0,0.0,0.0,1.0,2.0,2.0,32.836038,-83.631709
LOUISIANA,2015,49,0.0,0.0,5.0,36.0,61.0,0.0,0.0,2.0,7.0,64.0,31.2931,-92.463284
MID. ATLANTIC,2015,49,0.0,0.0,10.0,66.0,36.0,0.0,0.0,6.0,31.0,11.0,0.0,0.0
OHIO,2015,49,0.0,0.0,4.0,23.0,10.0,0.0,0.0,3.0,12.0,1.0,40.056807,-82.405897
MICHIGAN,2015,49,0.0,0.0,4.0,16.0,1.0,0.0,0.0,1.0,2.0,0.0,44.66399,-84.711206
WISCONSIN,2015,49,0.0,0.0,3.0,4.0,3.0,0.0,0.0,2.0,4.0,3.0,44.395526,-89.834513
MISSOURI,2015,49,0.0,0.0,5.0,18.0,10.0,0.0,0.0,2.0,10.0,3.0,38.636168,-92.566292
SOUTH DAKOTA,2015,49,0.0,0.0,3.0,11.0,12.0,0.0,0.0,7.0,29.0,45.0,44.35371,-100.373709
MARYLAND,2015,49,0.0,0.0,7.0,26.0,6.0,0.0,0.0,5.0,15.0,0.0,39.290443,-76.612333
MOUNTAIN,2015,49,0.0,0.0,20.0,143.0,157.0,0.0,0.0,18.0,101.0,124.0,0.0,0.0
MAINE,2015,49,0.0,0.0,1.0,1.0,0.0,0.0,0.0,0.0,0.0,0.0,45.252223,-68.986647
DELAWARE,2015,49,0.0,0.0,0.0,0.0,0.0,0.0,0.0,1.0,2.0,0.0,39.008676,-75.574561
INDIANA,2015,49,0.0,0.0,3.0,16.0,9.0,0.0,0.0,1.0,5.0,1.0,39.76845,-86.156212
OKLAHOMA,2015,49,0.0,0.0,6.0,43.0,9.0,0.0,0.0,7.0,40.0,9.0,35.468494,-97.521264
IDAHO,2015,49,0.0,0.0,1.0,5.0,6.0,0.0,0.0,3.0,8.0,13.0,43.680635,-114.364237
CONNECTICUT,2015,49,0.0,0.0,2.0,8.0,3.0,0.0,0.0,1.0,2.0,3.0,41.544654,-72.651713
TENNESSEE,2015,49,0.0,0.0,2.0,5.0,12.0,0.0,0.0,1.0,1.0,4.0,35.681402,-85.774444
ALABAMA,2015,49,0.0,0.0,2.0,5.0,0.0,0.0,0.0,2.0,5.0,2.0,32.839182,-86.631125
UTAH,2015,49,0.0,0.0,2.0,4.0,1.0,0.0,0.0,2.0,3.0,1.0,39.359772,-111.584173
NEW YORK,2015,49,0.0,0.0,3.0,9.0,7.0,0.0,0.0,1.0,7.0,4.0,42.826892,-75.544286
W.S. CENTRAL,2015,49,0.0,1.0,33.0,272.0,331.0,0.0,0.0,17.0,119.0,201.0,0.0,0.0
MASSACHUSETTS,2015,49,0.0,0.0,2.0,6.0,5.0,0.0,0.0,2.0,3.0,1.0,42.268546,-72.085064
DIST. OF COL.,2015,49,0.0,0.0,1.0,2.0,1.0,0.0,0.0,1.0,2.0,2.0,0.0,0.0
S. ATLANTIC,2015,49,0.0,0.0,11.0,67.0,37.0,0.0,0.0,7.0,28.0,11.0,0.0,0.0
NORTH DAKOTA,2015,49,0.0,0.0,4.0,10.0,12.0,0.0,0.0,2.0,13.0,11.0,47.475879,-100.121011
MISSISSIPPI,2015,49,0.0,0.0,5.0,26.0,26.0,0.0,0.0,3.0,13.0,17.0,32.738663,-89.537312
KANSAS,2015,49,0.0,0.0,3.0,12.0,18.0,0.0,0.0,5.0,21.0,36.0,38.345528,-98.201847
FLORIDA,2015,49,0.0,0.0,2.0,10.0,12.0,0.0,0.0,0.0,0.0,5.0,28.915325,-81.922409
VIRGINIA,2015,49,0.0,0.0,5.0,13.0,5.0,0.0,0.0,2.0,7.0,2.0,37.542699,-78.45822
E.N. CENTRAL,2015,49,0.0,0.0,21.0,101.0,59.0,0.0,0.0,8.0,51.0,13.0,0.0,0.0
PENNSYLVANIA,2015,49,0.0,0.0,3.0,17.0,11.0,0.0,0.0,4.0,13.0,2.0,40.789676,-77.858055
NORTH CAROLINA,2015,49,0.0,0.0,1.0,4.0,0.0,0.0,0.0,0.0,0.0,0.0,35.47995,-79.180571
IOWA,2015,49,0.0,0.0,1.0,4.0,5.0,0.0,0.0,3.0,10.0,10.0,42.46942,-93.815856
MONTANA,2015,49,0.0,0.0,1.0,2.0,2.0,0.0,0.0,1.0,1.0,3.0,47.062617,-109.430168
WASHINGTON,2015,49,0.0,0.0,1.0,8.0,7.0,0.0,0.0,3.0,16.0,5.0,47.517368,-120.467672
MINNESOTA,2015,49,0.0,0.0,1.0,2.0,6.0,0.0,0.0,1.0,4.0,15.0,44.943719,-93.094281
NEW MEXICO,2015,49,0.0,0.0,2.0,12.0,19.0,0.0,0.0,1.0,2.0,5.0,34.520396,-106.244402
TEXAS,2015,49,0.0,0.0,22.0,178.0,252.0,0.0,0.0,12.0,70.0,126.0,31.827233,-99.423022
NEBRASKA,2015,49,0.0,0.0,3.0,17.0,41.0,0.0,0.0,8.0,51.0,101.0,41.640503,-99.367122
W.N. CENTRAL,2015,49,0.0,0.0,11.0,74.0,104.0,0.0,0.0,22.0,138.0,221.0,0.0,0.0
UNITED STATES,2015,49,0.0,1.0,149.0,1261.0,1345.0,0.0,1.0,89.0,684.0,856.0,0.0,0.0
PACIFIC,2015,49,0.0,0.0,53.0,487.0,575.0,0.0,0.0,24.0,192.0,247.0,0.0,0.0
NEW ENGLAND,2015,49,0.0,0.0,3.0,15.0,8.0,0.0,0.0,2.0,5.0,4.0,0.0,0.0
NEVADA,2015,49,0.0,0.0,3.0,4.0,3.0,0.0,0.0,2.0,3.0,0.0,39.491833,-117.070159
COLORADO,2015,49,0.0,0.0,11.0,57.0,46.0,0.0,0.0,12.0,44.0,72.0,38.841772,-106.132562
ARKANSAS,2015,49,0.0,0.0,2.0,15.0,9.0,0.0,0.0,1.0,2.0,2.0,34.748745,-92.275105
NEW JERSEY,2015,49,0.0,0.0,3.0,15.0,6.0,0.0,0.0,2.0,3.0,2.0,40.104655,-74.386686
ILLINOIS,2015,49,0.0,0.0,11.0,42.0,36.0,0.0,0.0,6.0,28.0,8.0,40.477092,-88.993221
E.S. CENTRAL,2015,49,0.0,0.0,5.0,36.0,38.0,0.0,0.0,3.0,19.0,24.0,0.0,0.0
S. ATLANTIC,2015,50,0.0,0.0,11.0,67.0,37.0,0.0,0.0,7.0,28.0,11.0,0.0,0.0
MOUNTAIN,2015,50,0.0,0.0,20.0,143.0,157.0,0.0,0.0,18.0,101.0,125.0,0.0,0.0
TENNESSEE,2015,50,0.0,0.0,2.0,5.0,12.0,0.0,0.0,1.0,1.0,4.0,35.681402,-85.774444
UTAH,2015,50,0.0,0.0,2.0,4.0,1.0,0.0,0.0,2.0,3.0,1.0,39.359772,-111.584173
E.N. CENTRAL,2015,50,0.0,0.0,21.0,101.0,59.0,0.0,0.0,8.0,51.0,13.0,0.0,0.0
W.N. CENTRAL,2015,50,0.0,0.0,11.0,74.0,104.0,0.0,0.0,22.0,138.0,221.0,0.0,0.0
NEW JERSEY,2015,50,0.0,0.0,3.0,15.0,6.0,0.0,0.0,2.0,3.0,2.0,40.104655,-74.386686
DIST. OF COL.,2015,50,0.0,0.0,1.0,2.0,1.0,0.0,0.0,1.0,2.0,2.0,0.0,0.0
DELAWARE,2015,50,0.0,0.0,0.0,0.0,0.0,0.0,0.0,1.0,2.0,0.0,39.008676,-75.574561
ARKANSAS,2015,50,0.0,0.0,2.0,15.0,9.0,0.0,0.0,1.0,2.0,2.0,34.748745,-92.275105
NEW ENGLAND,2015,50,0.0,0.0,3.0,15.0,8.0,0.0,0.0,2.0,5.0,4.0,0.0,0.0
NEBRASKA,2015,50,0.0,0.0,3.0,17.0,41.0,0.0,0.0,8.0,51.0,101.0,41.640503,-99.367122
TEXAS,2015,50,0.0,0.0,22.0,179.0,252.0,0.0,0.0,12.0,70.0,126.0,31.827233,-99.423022
WISCONSIN,2015,50,0.0,0.0,3.0,4.0,3.0,0.0,0.0,2.0,4.0,3.0,44.395526,-89.834513
ALABAMA,2015,50,0.0,0.0,2.0,5.0,0.0,0.0,0.0,2.0,5.0,2.0,32.839182,-86.631125
NEW YORK,2015,50,0.0,0.0,3.0,9.0,7.0,0.0,0.0,1.0,7.0,4.0,42.826892,-75.544286
INDIANA,2015,50,0.0,0.0,3.0,16.0,9.0,0.0,0.0,1.0,5.0,1.0,39.76845,-86.156212
VIRGINIA,2015,50,0.0,0.0,5.0,13.0,5.0,0.0,0.0,2.0,7.0,2.0,37.542699,-78.45822
NORTH DAKOTA,2015,50,0.0,0.0,4.0,10.0,12.0,0.0,0.0,2.0,13.0,11.0,47.475879,-100.121011
WYOMING,2015,50,0.0,0.0,2.0,3.0,0.0,0.0,0.0,2.0,5.0,5.0,43.23558,-108.110518
WASHINGTON,2015,50,0.0,0.0,1.0,8.0,7.0,0.0,0.0,3.0,16.0,5.0,47.517368,-120.467672
MASSACHUSETTS,2015,50,0.0,0.0,2.0,6.0,5.0,0.0,0.0,2.0,3.0,1.0,42.268546,-72.085064
CONNECTICUT,2015,50,0.0,0.0,2.0,8.0,3.0,0.0,0.0,1.0,2.0,3.0,41.544654,-72.651713
MINNESOTA,2015,50,0.0,0.0,1.0,2.0,6.0,0.0,0.0,1.0,4.0,15.0,44.943719,-93.094281
ARIZONA,2015,50,0.0,0.0,9.0,56.0,80.0,0.0,0.0,5.0,35.0,26.0,34.869712,-111.760902
MARYLAND,2015,50,0.0,0.0,7.0,26.0,6.0,0.0,0.0,5.0,15.0,0.0,39.290443,-76.612333
PACIFIC,2015,50,0.0,0.0,53.0,506.0,575.0,0.0,0.0,24.0,198.0,247.0,0.0,0.0
NORTH CAROLINA,2015,50,0.0,0.0,1.0,4.0,0.0,0.0,0.0,0.0,0.0,0.0,35.47995,-79.180571
CALIFORNIA,2015,50,0.0,0.0,52.0,498.0,561.0,0.0,0.0,24.0,182.0,240.0,37.640735,-121.002435
IOWA,2015,50,0.0,0.0,1.0,4.0,5.0,0.0,0.0,3.0,10.0,10.0,42.46942,-93.815856
W.S. CENTRAL,2015,50,0.0,1.0,33.0,274.0,331.0,0.0,0.0,17.0,119.0,201.0,0.0,0.0
GEORGIA,2015,50,0.0,0.0,4.0,12.0,10.0,0.0,0.0,1.0,2.0,2.0,32.836038,-83.631709
OHIO,2015,50,0.0,0.0,4.0,23.0,10.0,0.0,0.0,3.0,12.0,1.0,40.056807,-82.405897
OKLAHOMA,2015,50,0.0,0.0,6.0,44.0,9.0,0.0,0.0,7.0,40.0,9.0,35.468494,-97.521264
NEW MEXICO,2015,50,0.0,0.0,2.0,12.0,19.0,0.0,0.0,1.0,2.0,5.0,34.520396,-106.244402
NEW YORK CITY,2015,50,0.0,0.0,5.0,25.0,12.0,0.0,0.0,2.0,8.0,3.0,0.0,0.0
KANSAS,2015,50,0.0,0.0,3.0,12.0,18.0,0.0,0.0,5.0,21.0,36.0,38.345528,-98.201847
COLORADO,2015,50,0.0,0.0,11.0,57.0,46.0,0.0,0.0,12.0,44.0,72.0,38.841772,-106.132562
MISSOURI,2015,50,0.0,0.0,5.0,18.0,10.0,0.0,0.0,2.0,10.0,3.0,38.636168,-92.566292
FLORIDA,2015,50,0.0,0.0,2.0,10.0,12.0,0.0,0.0,0.0,0.0,5.0,28.915325,-81.922409
PENNSYLVANIA,2015,50,0.0,0.0,3.0,17.0,11.0,0.0,0.0,4.0,13.0,2.0,40.789676,-77.858055
MID. ATLANTIC,2015,50,0.0,0.0,10.0,66.0,36.0,0.0,0.0,6.0,31.0,11.0,0.0,0.0
MISSISSIPPI,2015,50,0.0,0.0,5.0,26.0,26.0,0.0,0.0,3.0,13.0,17.0,32.738663,-89.537312
IDAHO,2015,50,0.0,0.0,1.0,5.0,6.0,0.0,0.0,3.0,8.0,13.0,43.680635,-114.364237
NEVADA,2015,50,0.0,0.0,3.0,4.0,3.0,0.0,0.0,2.0,3.0,0.0,39.491833,-117.070159
ILLINOIS,2015,50,0.0,0.0,11.0,42.0,36.0,0.0,0.0,6.0,28.0,8.0,40.477092,-88.993221
E.S. CENTRAL,2015,50,0.0,0.0,5.0,36.0,38.0,0.0,0.0,3.0,19.0,24.0,0.0,0.0
MONTANA,2015,50,0.0,0.0,1.0,2.0,2.0,0.0,0.0,1.0,1.0,3.0,47.062617,-109.430168
SOUTH DAKOTA,2015,50,0.0,0.0,3.0,11.0,12.0,0.0,0.0,7.0,29.0,45.0,44.35371,-100.373709
UNITED STATES,2015,50,0.0,1.0,149.0,1282.0,1345.0,0.0,1.0,89.0,690.0,857.0,0.0,0.0
MICHIGAN,2015,50,0.0,0.0,4.0,16.0,1.0,0.0,0.0,1.0,2.0,0.0,44.66399,-84.711206
MAINE,2015,50,0.0,0.0,1.0,1.0,0.0,0.0,0.0,0.0,0.0,0.0,45.252223,-68.986647
LOUISIANA,2015,50,0.0,0.0,5.0,36.0,61.0,0.0,0.0,2.0,7.0,64.0,31.2931,-92.463284
MID. ATLANTIC,2015,51,0.0,0.0,10.0,66.0,36.0,0.0,0.0,6.0,31.0,11.0,0.0,0.0
IOWA,2015,51,0.0,0.0,1.0,4.0,5.0,0.0,0.0,3.0,10.0,10.0,42.46942,-93.815856
DELAWARE,2015,51,0.0,0.0,0.0,0.0,0.0,0.0,0.0,1.0,2.0,0.0,39.008676,-75.574561
MARYLAND,2015,51,0.0,0.0,7.0,26.0,6.0,0.0,0.0,5.0,15.0,0.0,39.290443,-76.612333
UTAH,2015,51,0.0,0.0,2.0,4.0,1.0,0.0,0.0,2.0,3.0,1.0,39.359772,-111.584173
PENNSYLVANIA,2015,51,0.0,0.0,3.0,17.0,11.0,0.0,0.0,4.0,13.0,2.0,40.789676,-77.858055
S. ATLANTIC,2015,51,0.0,0.0,11.0,67.0,38.0,0.0,0.0,7.0,28.0,11.0,0.0,0.0
DIST. OF COL.,2015,51,0.0,0.0,1.0,2.0,1.0,0.0,0.0,1.0,2.0,2.0,0.0,0.0
NEBRASKA,2015,51,0.0,0.0,3.0,17.0,41.0,0.0,0.0,8.0,51.0,101.0,41.640503,-99.367122
MOUNTAIN,2015,51,0.0,0.0,20.0,143.0,157.0,0.0,0.0,18.0,101.0,125.0,0.0,0.0
ILLINOIS,2015,51,0.0,0.0,11.0,42.0,36.0,0.0,0.0,6.0,28.0,8.0,40.477092,-88.993221
WISCONSIN,2015,51,0.0,0.0,3.0,4.0,3.0,0.0,0.0,2.0,4.0,3.0,44.395526,-89.834513
IDAHO,2015,51,0.0,0.0,1.0,5.0,6.0,0.0,0.0,3.0,8.0,13.0,43.680635,-114.364237
NEW JERSEY,2015,51,0.0,0.0,3.0,15.0,6.0,0.0,0.0,2.0,3.0,2.0,40.104655,-74.386686
NEW MEXICO,2015,51,0.0,0.0,2.0,12.0,19.0,0.0,0.0,1.0,2.0,5.0,34.520396,-106.244402
MISSISSIPPI,2015,51,0.0,0.0,5.0,26.0,26.0,0.0,0.0,3.0,13.0,17.0,32.738663,-89.537312
CONNECTICUT,2015,51,0.0,0.0,2.0,8.0,3.0,0.0,0.0,1.0,2.0,3.0,41.544654,-72.651713
TENNESSEE,2015,51,0.0,0.0,2.0,5.0,12.0,0.0,0.0,1.0,1.0,4.0,35.681402,-85.774444
NORTH DAKOTA,2015,51,0.0,0.0,4.0,10.0,12.0,0.0,0.0,2.0,13.0,11.0,47.475879,-100.121011
MONTANA,2015,51,0.0,0.0,1.0,2.0,2.0,0.0,0.0,1.0,1.0,3.0,47.062617,-109.430168
SOUTH DAKOTA,2015,51,0.0,0.0,3.0,11.0,12.0,0.0,0.0,7.0,29.0,45.0,44.35371,-100.373709
CALIFORNIA,2015,51,0.0,0.0,52.0,518.0,561.0,0.0,0.0,24.0,186.0,240.0,37.640735,-121.002435
ALABAMA,2015,51,0.0,0.0,2.0,5.0,0.0,0.0,0.0,2.0,5.0,2.0,32.839182,-86.631125
NEVADA,2015,51,0.0,0.0,3.0,4.0,3.0,0.0,0.0,2.0,3.0,0.0,39.491833,-117.070159
MASSACHUSETTS,2015,51,0.0,0.0,2.0,6.0,5.0,0.0,0.0,2.0,3.0,1.0,42.268546,-72.085064
ARKANSAS,2015,51,0.0,0.0,2.0,15.0,9.0,0.0,0.0,1.0,2.0,2.0,34.748745,-92.275105
VIRGINIA,2015,51,0.0,0.0,5.0,13.0,5.0,0.0,0.0,2.0,7.0,2.0,37.542699,-78.45822
W.S. CENTRAL,2015,51,0.0,1.0,33.0,275.0,332.0,0.0,0.0,17.0,119.0,201.0,0.0,0.0
WYOMING,2015,51,0.0,0.0,2.0,3.0,0.0,0.0,0.0,2.0,5.0,5.0,43.23558,-108.110518
INDIANA,2015,51,0.0,0.0,3.0,16.0,9.0,0.0,0.0,1.0,5.0,1.0,39.76845,-86.156212
MICHIGAN,2015,51,0.0,0.0,4.0,16.0,1.0,0.0,0.0,1.0,2.0,0.0,44.66399,-84.711206
OHIO,2015,51,0.0,0.0,4.0,23.0,10.0,0.0,0.0,3.0,12.0,1.0,40.056807,-82.405897
KANSAS,2015,51,0.0,0.0,3.0,12.0,18.0,0.0,0.0,5.0,21.0,36.0,38.345528,-98.201847
FLORIDA,2015,51,0.0,0.0,2.0,10.0,12.0,0.0,0.0,0.0,0.0,5.0,28.915325,-81.922409
MINNESOTA,2015,51,0.0,0.0,1.0,2.0,6.0,0.0,0.0,1.0,4.0,15.0,44.943719,-93.094281
LOUISIANA,2015,51,0.0,0.0,5.0,36.0,61.0,0.0,0.0,2.0,7.0,64.0,31.2931,-92.463284
WASHINGTON,2015,51,0.0,0.0,1.0,8.0,7.0,0.0,0.0,3.0,16.0,5.0,47.517368,-120.467672
NEW YORK CITY,2015,51,0.0,0.0,5.0,25.0,12.0,0.0,0.0,2.0,8.0,3.0,0.0,0.0
MISSOURI,2015,51,0.0,0.0,5.0,18.0,10.0,0.0,0.0,2.0,11.0,3.0,38.636168,-92.566292
GEORGIA,2015,51,0.0,0.0,4.0,12.0,11.0,0.0,0.0,1.0,2.0,2.0,32.836038,-83.631709
E.S. CENTRAL,2015,51,0.0,0.0,5.0,36.0,38.0,0.0,0.0,3.0,19.0,24.0,0.0,0.0
W.N. CENTRAL,2015,51,0.0,0.0,11.0,74.0,104.0,0.0,0.0,22.0,139.0,221.0,0.0,0.0
ARIZONA,2015,51,0.0,0.0,9.0,56.0,80.0,0.0,0.0,5.0,35.0,26.0,34.869712,-111.760902
MAINE,2015,51,0.0,0.0,1.0,1.0,0.0,0.0,0.0,0.0,0.0,0.0,45.252223,-68.986647
NORTH CAROLINA,2015,51,0.0,0.0,1.0,4.0,0.0,0.0,0.0,0.0,0.0,0.0,35.47995,-79.180571
TEXAS,2015,51,0.0,0.0,22.0,180.0,253.0,0.0,0.0,12.0,70.0,126.0,31.827233,-99.423022
UNITED STATES,2015,51,0.0,1.0,149.0,1303.0,1347.0,0.0,1.0,89.0,695.0,857.0,0.0,0.0
PACIFIC,2015,51,0.0,0.0,53.0,526.0,575.0,0.0,0.0,24.0,202.0,247.0,0.0,0.0
E.N. CENTRAL,2015,51,0.0,0.0,21.0,101.0,59.0,0.0,0.0,8.0,51.0,13.0,0.0,0.0
OKLAHOMA,2015,51,0.0,0.0,6.0,44.0,9.0,0.0,0.0,7.0,40.0,9.0,35.468494,-97.521264
COLORADO,2015,51,0.0,0.0,11.0,57.0,46.0,0.0,0.0,12.0,44.0,72.0,38.841772,-106.132562
NEW ENGLAND,2015,51,0.0,0.0,3.0,15.0,8.0,0.0,0.0,2.0,5.0,4.0,0.0,0.0
NEW YORK,2015,51,0.0,0.0,3.0,9.0,7.0,0.0,0.0,1.0,7.0,4.0,42.826892,-75.544286
TENNESSEE,2015,52,0.0,0.0,2.0,5.0,12.0,0.0,0.0,1.0,1.0,4.0,35.681402,-85.774444
ARIZONA,2015,52,0.0,0.0,9.0,56.0,80.0,0.0,0.0,5.0,35.0,27.0,34.869712,-111.760902
WISCONSIN,2015,52,0.0,0.0,3.0,4.0,3.0,0.0,0.0,2.0,4.0,3.0,44.395526,-89.834513
ARKANSAS,2015,52,0.0,0.0,2.0,15.0,9.0,0.0,0.0,1.0,2.0,2.0,34.748745,-92.275105
E.N. CENTRAL,2015,52,0.0,0.0,21.0,103.0,59.0,0.0,0.0,8.0,51.0,13.0,0.0,0.0
MOUNTAIN,2015,52,0.0,0.0,20.0,143.0,157.0,0.0,0.0,18.0,101.0,126.0,0.0,0.0
ILLINOIS,2015,52,0.0,0.0,11.0,44.0,36.0,0.0,0.0,6.0,28.0,8.0,40.477092,-88.993221
OHIO,2015,52,0.0,0.0,4.0,23.0,10.0,0.0,0.0,3.0,12.0,1.0,40.056807,-82.405897
NEVADA,2015,52,0.0,0.0,3.0,4.0,3.0,0.0,0.0,2.0,3.0,0.0,39.491833,-117.070159
E.S. CENTRAL,2015,52,0.0,0.0,5.0,36.0,38.0,0.0,0.0,3.0,19.0,24.0,0.0,0.0
GEORGIA,2015,52,0.0,0.0,4.0,12.0,11.0,0.0,0.0,1.0,2.0,2.0,32.836038,-83.631709
NEW YORK,2015,52,0.0,0.0,1.0,3.0,7.0,0.0,0.0,4.0,15.0,4.0,42.826892,-75.544286
ALABAMA,2015,52,0.0,0.0,2.0,5.0,0.0,0.0,0.0,2.0,5.0,2.0,32.839182,-86.631125
MICHIGAN,2015,52,0.0,0.0,4.0,16.0,1.0,0.0,0.0,1.0,2.0,0.0,44.66399,-84.711206
VIRGINIA,2015,52,0.0,0.0,5.0,13.0,5.0,0.0,0.0,2.0,7.0,2.0,37.542699,-78.45822
NEBRASKA,2015,52,0.0,0.0,3.0,17.0,41.0,0.0,0.0,8.0,51.0,101.0,41.640503,-99.367122
KANSAS,2015,52,0.0,0.0,3.0,12.0,18.0,0.0,0.0,5.0,21.0,36.0,38.345528,-98.201847
MARYLAND,2015,52,0.0,0.0,7.0,26.0,6.0,0.0,0.0,5.0,15.0,0.0,39.290443,-76.612333
NORTH DAKOTA,2015,52,0.0,0.0,4.0,10.0,12.0,0.0,0.0,2.0,13.0,11.0,47.475879,-100.121011
NEW JERSEY,2015,52,0.0,0.0,3.0,15.0,6.0,0.0,0.0,2.0,3.0,2.0,40.104655,-74.386686
IOWA,2015,52,0.0,0.0,1.0,4.0,5.0,0.0,0.0,3.0,10.0,10.0,42.46942,-93.815856
WYOMING,2015,52,0.0,0.0,2.0,3.0,0.0,0.0,0.0,2.0,5.0,5.0,43.23558,-108.110518
NEW MEXICO,2015,52,0.0,0.0,2.0,12.0,19.0,0.0,0.0,1.0,2.0,5.0,34.520396,-106.244402
NEW YORK CITY,2015,52,0.0,0.0,5.0,25.0,12.0,0.0,0.0,2.0,8.0,3.0,0.0,0.0
UTAH,2015,52,0.0,0.0,2.0,4.0,1.0,0.0,0.0,2.0,3.0,1.0,39.359772,-111.584173
MINNESOTA,2015,52,0.0,0.0,1.0,2.0,6.0,0.0,0.0,1.0,4.0,15.0,44.943719,-93.094281
DELAWARE,2015,52,0.0,0.0,0.0,0.0,0.0,0.0,0.0,2.0,6.0,0.0,39.008676,-75.574561
MASSACHUSETTS,2015,52,0.0,0.0,2.0,6.0,5.0,0.0,0.0,2.0,3.0,1.0,42.268546,-72.085064
SOUTH DAKOTA,2015,52,0.0,0.0,3.0,11.0,12.0,0.0,0.0,7.0,29.0,45.0,44.35371,-100.373709
MISSISSIPPI,2015,52,0.0,0.0,5.0,26.0,26.0,0.0,0.0,3.0,13.0,17.0,32.738663,-89.537312
MONTANA,2015,52,0.0,0.0,1.0,2.0,2.0,0.0,0.0,1.0,1.0,3.0,47.062617,-109.430168
MISSOURI,2015,52,0.0,0.0,5.0,18.0,10.0,0.0,0.0,2.0,11.0,3.0,38.636168,-92.566292
NEW ENGLAND,2015,52,0.0,0.0,3.0,15.0,8.0,0.0,0.0,2.0,5.0,4.0,0.0,0.0
OKLAHOMA,2015,52,0.0,0.0,6.0,44.0,9.0,0.0,0.0,7.0,40.0,9.0,35.468494,-97.521264
FLORIDA,2015,52,0.0,0.0,2.0,11.0,12.0,0.0,0.0,0.0,0.0,5.0,28.915325,-81.922409
CALIFORNIA,2015,52,0.0,0.0,52.0,518.0,561.0,0.0,0.0,24.0,186.0,240.0,37.640735,-121.002435
W.N. CENTRAL,2015,52,0.0,0.0,11.0,74.0,104.0,0.0,0.0,22.0,139.0,221.0,0.0,0.0
LOUISIANA,2015,52,0.0,0.0,5.0,36.0,61.0,0.0,0.0,2.0,7.0,64.0,31.2931,-92.463284
IDAHO,2015,52,0.0,0.0,1.0,5.0,6.0,0.0,0.0,3.0,8.0,13.0,43.680635,-114.364237
TEXAS,2015,52,0.0,0.0,22.0,180.0,253.0,0.0,0.0,12.0,70.0,126.0,31.827233,-99.423022
W.S. CENTRAL,2015,52,0.0,1.0,33.0,275.0,332.0,0.0,0.0,17.0,119.0,201.0,0.0,0.0
MAINE,2015,52,0.0,0.0,1.0,1.0,0.0,0.0,0.0,0.0,0.0,0.0,45.252223,-68.986647
CONNECTICUT,2015,52,0.0,0.0,2.0,8.0,3.0,0.0,0.0,1.0,2.0,3.0,41.544654,-72.651713
DIST. OF COL.,2015,52,0.0,0.0,1.0,2.0,1.0,0.0,0.0,1.0,1.0,2.0,0.0,0.0
S. ATLANTIC,2015,52,0.0,0.0,11.0,68.0,38.0,0.0,0.0,8.0,31.0,11.0,0.0,0.0
PACIFIC,2015,52,0.0,0.0,53.0,526.0,575.0,0.0,0.0,24.0,202.0,247.0,0.0,0.0
PENNSYLVANIA,2015,52,0.0,0.0,3.0,17.0,11.0,0.0,0.0,4.0,13.0,2.0,40.789676,-77.858055
INDIANA,2015,52,0.0,0.0,3.0,16.0,9.0,0.0,0.0,1.0,5.0,1.0,39.76845,-86.156212
UNITED STATES,2015,52,0.0,1.0,147.0,1300.0,1347.0,0.0,1.0,92.0,706.0,858.0,0.0,0.0
COLORADO,2015,52,0.0,0.0,11.0,57.0,46.0,0.0,0.0,12.0,44.0,72.0,38.841772,-106.132562
WASHINGTON,2015,52,0.0,0.0,1.0,8.0,7.0,0.0,0.0,3.0,16.0,5.0,47.517368,-120.467672
MID. ATLANTIC,2015,52,0.0,0.0,10.0,60.0,36.0,0.0,0.0,8.0,39.0,11.0,0.0,0.0
NORTH CAROLINA,2015,52,0.0,0.0,1.0,4.0,0.0,0.0,0.0,0.0,0.0,0.0,35.47995,-79.180571
